Press..dbar._CTD1_28,Depth_m_CTD1_28,Temp_CTD1_28,pH_CTD1_28,Turb_FTU_CTD1_28,Cond_ms_p_cm_CTD1_28,DO_mg_l_CTD1_28,Chl_A_ug_p_l_CTD1_28
-1.84,0.01,16.06,8.97,0.12,0.1373,9.3,0.73
-1.83,0.02,16.06,8.97,0.15,0.1362,9.3,0.71
-1.8,0.05,16.06,8.97,0.15,0.1362,9.3,0.72
-1.74,0.11,16.06,8.96,0.15,0.1362,9.3,0.72
-1.68,0.17,16.06,8.96,0.15,0.1373,9.31,0.75
-1.64,0.21,16.07,8.96,0.12,0.1362,9.31,0.78
-1.61,0.24,16.07,8.96,0.15,0.1362,9.3,0.77
-1.57,0.28,16.07,8.96,0.19,0.1362,9.29,0.75
-1.54,0.31,16.07,8.96,0.19,0.1373,9.29,0.73
-1.51,0.34,16.07,8.96,0.15,0.1373,9.3,0.73
-1.48,0.37,16.07,8.96,0.15,0.1373,9.3,0.8
-1.46,0.39,16.07,8.96,0.15,0.1362,9.31,0.83
-1.44,0.41,16.07,8.96,0.15,0.1373,9.31,0.84
-1.41,0.44,16.07,8.96,0.12,0.1373,9.3,0.84
-1.38,0.47,16.07,8.96,0.15,0.1373,9.3,0.83
-1.36,0.49,16.07,8.96,0.12,0.1362,9.31,0.82
-1.33,0.52,16.07,8.96,0.12,0.1373,9.31,0.81
-1.31,0.54,16.07,8.96,0.12,0.1362,9.3,0.8
-1.29,0.56,16.08,8.96,0.12,0.1373,9.3,0.81
-1.27,0.58,16.08,8.96,0.12,0.1373,9.3,0.81
-1.24,0.61,16.08,8.96,0.12,0.1373,9.3,0.79
-1.2,0.65,16.08,8.96,0.15,0.1373,9.31,0.8
-1.17,0.68,16.08,8.96,0.15,0.1362,9.31,0.79
-1.14,0.71,16.08,8.96,0.15,0.1362,9.31,0.82
-1.12,0.73,16.08,8.96,0.12,0.1373,9.31,0.88
-1.1,0.75,16.08,8.96,0.12,0.1373,9.31,0.9
-1.08,0.77,16.08,8.96,0.12,0.1362,9.31,0.88
-1.05,0.8,16.07,8.96,0.12,0.1373,9.31,0.86
-1.02,0.83,16.07,8.96,0.12,0.1362,9.31,0.84
-1,0.85,16.07,8.97,0.12,0.1362,9.31,0.82
-0.97,0.88,16.07,8.97,0.12,0.1362,9.3,0.84
-0.95,0.9,16.08,8.97,0.12,0.1362,9.3,0.85
-0.94,0.91,16.08,8.97,0.12,0.1362,9.31,0.86
-0.93,0.92,16.08,8.97,0.15,0.1362,9.31,0.96
-0.93,0.92,16.08,8.97,0.15,0.1373,9.31,1.06
-0.92,0.93,16.08,8.97,0.12,0.1373,9.31,1.06
-0.91,0.94,16.08,8.97,0.12,0.1373,9.31,1.03
-0.9,0.95,16.08,8.97,0.12,0.1373,9.3,0.99
-0.88,0.97,16.08,8.97,0.12,0.1373,9.3,0.95
-0.85,1,16.08,8.97,0.12,0.1362,9.31,0.91
-0.83,1.02,16.08,8.97,0.12,0.1373,9.31,0.93
-0.81,1.04,16.08,8.97,0.12,0.1362,9.32,0.95
-0.8,1.05,16.08,8.97,0.12,0.1362,9.31,0.96
-0.78,1.07,16.08,8.97,0.12,0.1373,9.31,0.95
-0.77,1.08,16.08,8.97,0.12,0.1373,9.31,0.94
-0.75,1.1,16.08,8.97,0.12,0.1362,9.31,0.94
-0.74,1.11,16.08,8.97,0.15,0.1362,9.31,0.95
-0.72,1.13,16.08,8.97,0.15,0.1362,9.31,0.98
-0.69,1.16,16.07,8.97,0.15,0.1362,9.31,0.98
-0.67,1.18,16.07,8.97,0.15,0.1362,9.31,0.95
-0.65,1.2,16.07,8.97,0.15,0.1373,9.31,0.96
-0.62,1.23,16.07,8.97,0.15,0.1362,9.31,0.96
-0.6,1.25,16.07,8.97,0.15,0.1362,9.31,0.97
-0.58,1.27,16.07,8.97,0.15,0.1373,9.32,0.99
-0.57,1.28,16.07,8.97,0.15,0.1373,9.3,0.99
-0.57,1.28,16.07,8.97,0.12,0.1373,9.3,0.98
-0.56,1.29,16.07,8.97,0.15,0.1373,9.31,1
-0.57,1.28,16.07,8.97,0.12,0.1362,9.31,0.99
-0.57,1.28,16.07,8.97,0.12,0.1373,9.3,0.95
-0.57,1.28,16.07,8.97,0.12,0.1362,9.3,0.91
-0.57,1.28,16.07,8.97,0.12,0.1373,9.32,0.92
-0.56,1.29,16.07,8.97,0.12,0.1373,9.32,0.95
-0.56,1.29,16.07,8.97,0.12,0.1373,9.31,1.01
-0.56,1.29,16.07,8.97,0.12,0.1373,9.31,1.08
-0.56,1.29,16.07,8.97,0.15,0.1373,9.31,1.1
-0.57,1.28,16.07,8.97,0.19,0.1362,9.31,1.06
-0.57,1.28,16.07,8.97,0.15,0.1373,9.31,1.01
-0.56,1.29,16.07,8.97,0.12,0.1362,9.31,1
-0.54,1.31,16.07,8.97,0.12,0.1373,9.32,1
-0.53,1.32,16.07,8.97,0.15,0.1373,9.32,1
-0.51,1.34,16.07,8.98,0.19,0.1362,9.32,1
-0.5,1.35,16.07,8.98,0.15,0.1362,9.32,0.98
-0.48,1.37,16.07,8.98,0.12,0.1362,9.32,0.97
-0.47,1.38,16.07,8.98,0.12,0.1362,9.31,0.95
-0.46,1.39,16.07,8.98,0.15,0.1362,9.31,0.93
-0.45,1.4,16.07,8.98,0.15,0.1362,9.3,0.94
-0.43,1.42,16.07,8.98,0.12,0.1362,9.3,0.92
-0.41,1.44,16.07,8.98,0.12,0.1362,9.31,0.9
-0.39,1.46,16.07,8.98,0.15,0.1373,9.31,0.95
-0.38,1.47,16.07,8.98,0.22,0.1373,9.31,0.99
-0.37,1.48,16.07,8.98,0.15,0.1362,9.31,0.99
-0.36,1.49,16.07,8.98,0.15,0.1362,9.32,0.98
-0.35,1.5,16.07,8.98,0.19,0.1362,9.32,0.97
-0.33,1.52,16.07,8.98,0.22,0.1373,9.31,0.98
-0.29,1.56,16.07,8.98,0.34,0.1373,9.31,1.07
-0.26,1.59,16.07,8.98,0.22,0.1362,9.31,1.08
-0.24,1.61,16.07,8.97,0.15,0.1362,9.31,1.06
-0.22,1.63,16.07,8.97,0.15,0.1362,9.31,1.03
-0.21,1.64,16.07,8.97,0.12,0.1362,9.32,1
-0.19,1.66,16.07,8.97,0.15,0.1362,9.32,0.98
-0.18,1.67,16.07,8.97,0.12,0.1362,9.31,0.96
-0.16,1.69,16.07,8.97,0.15,0.1373,9.31,0.98
-0.15,1.7,16.07,8.97,0.15,0.1362,9.31,1.04
-0.14,1.71,16.07,8.98,0.19,0.1362,9.31,1.1
-0.14,1.71,16.07,8.98,0.12,0.1362,9.3,1.11
-0.12,1.73,16.07,8.98,0.15,0.1373,9.3,1.08
-0.11,1.74,16.07,8.98,0.15,0.1373,9.31,1.05
-0.09,1.76,16.07,8.98,0.12,0.1373,9.31,1.01
-0.07,1.78,16.07,8.98,0.12,0.1373,9.3,1
-0.06,1.79,16.07,8.98,0.22,0.1362,9.31,1.01
-0.04,1.81,16.07,8.98,0.19,0.1362,9.31,1.01
-0.02,1.83,16.07,8.98,0.15,0.1362,9.31,1.01
-0.01,1.84,16.07,8.98,0.15,0.1362,9.31,0.99
0.01,1.86,16.07,8.98,0.15,0.1362,9.3,0.94
0.01,1.86,16.07,8.98,0.12,0.1362,9.3,0.91
0.03,1.88,16.07,8.98,0.15,0.1362,9.3,0.89
0.06,1.91,16.07,8.98,0.15,0.1373,9.3,0.91
0.1,1.95,16.07,8.98,0.12,0.1362,9.31,0.91
0.13,1.98,16.07,8.98,0.12,0.1362,9.31,0.92
0.14,1.99,16.07,8.98,0.15,0.1362,9.31,1.07
0.15,2,16.06,8.98,0.15,0.1362,9.31,1.12
0.17,2.02,16.06,8.98,0.15,0.1362,9.3,1.09
0.18,2.03,16.06,8.98,0.12,0.1373,9.3,1.05
0.19,2.04,16.06,8.98,0.12,0.1362,9.3,1.02
0.2,2.05,16.06,8.98,0.12,0.1362,9.3,1.03
0.22,2.07,16.06,8.98,0.12,0.1373,9.3,1.03
0.23,2.08,16.06,8.99,0.15,0.1362,9.3,1.01
0.24,2.09,16.06,8.99,0.15,0.1373,9.31,1.01
0.26,2.11,16.06,8.99,0.12,0.1362,9.31,1.02
0.27,2.12,16.06,8.99,0.15,0.1362,9.31,1.04
0.29,2.14,16.06,8.99,0.15,0.1373,9.29,1.04
0.3,2.15,16.06,8.99,0.15,0.1362,9.29,1.03
0.32,2.17,16.06,8.99,0.22,0.1362,9.29,1.03
0.32,2.17,16.06,8.99,0.19,0.1373,9.29,1.01
0.34,2.19,16.06,8.99,0.19,0.1362,9.3,0.98
0.35,2.2,16.06,8.99,0.15,0.1362,9.3,1
0.36,2.21,16.06,8.99,0.25,0.1362,9.3,1.04
0.37,2.22,16.06,8.99,0.19,0.1362,9.3,1.06
0.38,2.23,16.06,8.99,0.15,0.1373,9.31,1.03
0.41,2.26,16.06,8.99,0.19,0.1373,9.3,0.98
0.44,2.29,16.06,8.99,0.19,0.1362,9.3,0.94
0.47,2.32,16.06,8.99,0.19,0.1373,9.3,0.96
0.5,2.35,16.06,8.99,0.15,0.1373,9.29,0.96
0.51,2.36,16.06,8.99,0.15,0.1362,9.29,0.94
0.53,2.38,16.06,8.99,0.12,0.1362,9.3,0.92
0.54,2.39,16.05,8.99,0.12,0.1373,9.3,0.91
0.55,2.4,16.05,8.99,0.12,0.1362,9.3,0.92
0.56,2.41,16.05,8.99,0.15,0.1373,9.31,0.91
0.58,2.43,16.05,8.99,0.15,0.1373,9.31,0.93
0.59,2.44,16.05,8.99,0.12,0.1362,9.29,0.95
0.62,2.47,16.05,8.99,0.15,0.1373,9.29,0.96
0.65,2.5,16.05,8.99,0.19,0.1362,9.29,0.97
0.68,2.53,16.05,8.99,0.19,0.1373,9.29,1
0.69,2.54,16.05,8.99,0.25,0.1373,9.29,1.02
0.71,2.56,16.05,8.99,0.25,0.1362,9.29,1.02
0.72,2.57,16.05,8.99,0.19,0.1362,9.3,1
0.73,2.58,16.05,9,0.19,0.1362,9.3,0.98
0.74,2.59,16.05,9,0.19,0.1373,9.3,0.94
0.75,2.6,16.05,9,0.15,0.1362,9.3,0.92
0.77,2.62,16.05,9,0.15,0.1362,9.29,0.96
0.79,2.64,16.04,9,0.15,0.1373,9.29,1.05
0.82,2.67,16.04,9,0.15,0.1362,9.28,1.07
0.86,2.71,16.05,9,0.15,0.1362,9.28,1.07
0.88,2.73,16.04,9,0.15,0.1373,9.28,1.07
0.88,2.73,16.04,9,0.15,0.1362,9.28,1.06
0.88,2.73,16.04,9,0.12,0.1373,9.28,1.04
0.88,2.73,16.04,9,0.12,0.1362,9.28,1.1
0.88,2.73,16.04,9,0.15,0.1362,9.28,1.15
0.89,2.74,16.04,9,0.15,0.1373,9.29,1.12
0.9,2.75,16.04,9,0.15,0.1373,9.28,1.09
0.9,2.75,16.04,9,0.15,0.1362,9.29,1.05
0.91,2.76,16.04,9,0.19,0.1373,9.29,1.01
0.92,2.77,16.04,9,0.15,0.1373,9.27,0.98
0.93,2.78,16.04,9,0.19,0.1373,9.27,0.95
0.93,2.78,16.04,9,0.15,0.1373,9.27,0.92
0.94,2.79,16.04,9,0.15,0.1373,9.27,0.9
0.96,2.81,16.03,9,0.15,0.1373,9.27,0.91
0.98,2.83,16.03,9,0.19,0.1373,9.27,0.95
0.99,2.84,16.03,9,0.19,0.1373,9.28,0.95
0.99,2.84,16.03,9,0.22,0.1373,9.28,0.95
1.01,2.86,16.03,9,0.22,0.1362,9.28,0.98
1.02,2.87,16.03,9,0.19,0.1362,9.26,0.98
1.03,2.88,16.03,9,0.22,0.1373,9.26,0.98
1.04,2.89,16.03,9,0.19,0.1373,9.26,1
1.06,2.91,16.03,9,0.19,0.1362,9.26,1
1.06,2.91,16.03,9,0.19,0.1362,9.26,0.98
1.07,2.92,16.03,9.01,0.22,0.1362,9.26,0.94
1.08,2.93,16.03,9.01,0.25,0.1362,9.26,0.92
1.1,2.95,16.02,9.01,0.19,0.1362,9.26,0.89
1.1,2.95,16.02,9.01,0.19,0.1373,9.25,0.89
1.11,2.96,16.03,9.01,0.15,0.1362,9.25,1
1.12,2.97,16.02,9.01,0.15,0.1373,9.26,1.05
1.13,2.98,16.02,9.01,0.15,0.1362,9.26,1.03
1.13,2.98,16.02,9.01,0.15,0.1362,9.27,1.05
1.14,2.99,16.01,9.01,0.15,0.1362,9.26,1.11
1.16,3.01,16.01,9.01,0.15,0.1373,9.27,1.09
1.17,3.02,16,9.01,0.15,0.1362,9.27,1.08
1.18,3.03,15.99,9.01,0.15,0.1362,9.27,1.14
1.19,3.04,15.98,9,0.12,0.1362,9.26,1.13
1.2,3.05,15.97,9,0.12,0.1362,9.26,1.09
1.21,3.06,15.95,9,0.15,0.1362,9.26,1.03
1.21,3.06,15.94,9,0.19,0.1362,9.26,1
1.23,3.08,15.94,9,0.19,0.1362,9.26,0.97
1.24,3.09,15.93,9,0.86,0.1362,9.26,0.98
1.25,3.1,15.93,9,1.42,0.1362,9.27,1
1.27,3.12,15.92,9,0.52,0.1362,9.27,0.98
1.28,3.13,15.92,9,0.22,0.1362,9.26,0.98
1.3,3.15,15.91,9,0.15,0.1362,9.26,0.99
1.32,3.17,15.91,9,0.15,0.1362,9.25,0.98
1.33,3.18,15.91,9,0.15,0.1362,9.25,0.96
1.35,3.2,15.91,9,0.15,0.1362,9.25,0.94
1.37,3.22,15.9,9,0.15,0.1362,9.25,0.93
1.38,3.23,15.9,9,0.15,0.1362,9.25,0.92
1.39,3.24,15.9,9,0.12,0.1362,9.24,0.94
1.41,3.26,15.9,9,0.19,0.1362,9.24,0.98
1.42,3.27,15.9,9,0.43,0.1362,9.24,1.04
1.44,3.29,15.9,9,0.28,0.1362,9.24,1.05
1.45,3.3,15.89,9,0.22,0.1362,9.24,1.03
1.45,3.3,15.89,9,0.19,0.1362,9.24,1.02
1.46,3.31,15.89,9,0.12,0.1362,9.24,0.98
1.46,3.31,15.89,9,0.15,0.1362,9.24,0.98
1.47,3.32,15.89,9,0.19,0.1362,9.22,0.97
1.49,3.34,15.89,9,0.22,0.1362,9.22,1.02
1.49,3.34,15.89,9,0.15,0.1362,9.22,1.1
1.5,3.35,15.88,9,0.15,0.1362,9.23,1.12
1.51,3.36,15.88,9,0.15,0.1362,9.21,1.1
1.52,3.37,15.88,9,0.19,0.1362,9.21,1.06
1.53,3.38,15.88,9,0.15,0.1362,9.21,1.02
1.54,3.39,15.88,9,0.15,0.1362,9.21,0.97
1.56,3.41,15.88,9,0.15,0.1362,9.2,0.93
1.57,3.42,15.87,9,0.15,0.1362,9.21,0.91
1.58,3.43,15.87,9,0.15,0.1362,9.21,0.9
1.6,3.45,15.87,9,0.19,0.1362,9.2,0.9
1.6,3.45,15.87,9,0.15,0.1362,9.2,0.88
1.61,3.46,15.87,9,0.15,0.1351,9.19,0.89
1.62,3.47,15.87,9,0.15,0.1362,9.19,0.93
1.63,3.48,15.87,9,0.19,0.1362,9.2,1
1.64,3.49,15.87,9,0.15,0.1362,9.2,1.02
1.65,3.5,15.87,9,0.15,0.1362,9.19,1.03
1.66,3.51,15.87,9,0.12,0.1362,9.19,1
1.67,3.52,15.87,9,0.15,0.1362,9.19,1.02
1.67,3.52,15.87,9,0.12,0.1362,9.2,1.06
1.69,3.54,15.87,9,0.12,0.1362,9.18,1.03
1.7,3.55,15.87,9,0.12,0.1362,9.18,0.99
1.71,3.56,15.87,9,0.12,0.1373,9.18,1.01
1.72,3.57,15.87,9,0.12,0.1362,9.17,1.04
1.74,3.59,15.87,9,0.15,0.1362,9.17,1.04
1.75,3.6,15.87,9,0.19,0.1362,9.18,1.03
1.76,3.61,15.87,9,0.15,0.1362,9.18,1.04
1.77,3.62,15.87,9,0.12,0.1362,9.18,1.09
1.78,3.63,15.87,9,0.12,0.1362,9.18,1.1
1.79,3.64,15.87,9,0.15,0.1362,9.17,1.11
1.8,3.65,15.87,9,0.15,0.1362,9.17,1.13
1.81,3.66,15.87,9,0.15,0.1362,9.17,1.08
1.81,3.66,15.87,9,0.15,0.1362,9.17,1.11
1.82,3.67,15.87,9,0.12,0.1362,9.17,1.2
1.82,3.67,15.87,9,0.12,0.1362,9.17,1.27
1.82,3.67,15.87,9,0.12,0.1362,9.17,1.25
1.82,3.67,15.87,9,0.12,0.1362,9.17,1.18
1.82,3.67,15.87,9,0.15,0.1362,9.16,1.09
1.82,3.67,15.87,9,0.12,0.1362,9.16,1.05
1.82,3.67,15.87,9,0.12,0.1362,9.16,1
1.82,3.67,15.87,9,0.12,0.1362,9.17,0.96
1.82,3.67,15.87,9,0.12,0.1362,9.17,1.02
1.83,3.68,15.87,9,0.12,0.1351,9.17,1.05
1.82,3.67,15.87,9,0.12,0.1362,9.17,1.09
1.82,3.67,15.87,9,0.15,0.1362,9.17,1.1
1.82,3.67,15.87,9,0.15,0.1362,9.17,1.07
1.81,3.66,15.87,9,0.19,0.1362,9.17,1.03
1.81,3.66,15.87,9,0.19,0.1362,9.17,0.99
1.81,3.66,15.87,9,0.34,0.1362,9.15,0.96
1.82,3.67,15.87,9,0.22,0.1362,9.15,0.96
1.82,3.67,15.87,9,0.15,0.1362,9.15,0.96
1.82,3.67,15.87,9,0.12,0.1362,9.15,0.94
1.82,3.67,15.87,9,0.12,0.1351,9.16,0.95
1.82,3.67,15.87,9,0.12,0.1362,9.16,0.98
1.82,3.67,15.87,9,0.12,0.1362,9.16,0.99
1.82,3.67,15.87,9,0.25,0.1362,9.15,1
1.82,3.67,15.86,9,0.25,0.1362,9.14,0.99
1.82,3.67,15.86,9,0.19,0.1351,9.15,0.97
1.82,3.67,15.86,9,0.19,0.1362,9.15,0.95
1.82,3.67,15.86,9,0.19,0.1362,9.16,0.95
1.82,3.67,15.86,9,0.25,0.1362,9.16,0.99
1.82,3.67,15.86,9,0.25,0.1362,9.15,1.27
1.82,3.67,15.86,9,0.19,0.1362,9.15,1.38
1.82,3.67,15.86,9,0.12,0.1362,9.14,1.35
1.82,3.67,15.87,9,0.12,0.1351,9.14,1.26
1.82,3.67,15.87,9,0.15,0.1362,9.14,1.2
1.83,3.68,15.87,9,0.15,0.1362,9.14,1.32
1.83,3.68,15.87,9,0.15,0.1351,9.15,1.35
1.83,3.68,15.87,9,0.12,0.1362,9.15,1.32
1.83,3.68,15.87,9,0.12,0.1362,9.15,1.25
1.82,3.67,15.87,9,0.12,0.1362,9.15,1.17
1.82,3.67,15.87,9,0.12,0.1362,9.15,1.09
1.82,3.67,15.87,9,0.12,0.1362,9.14,1.03
1.82,3.67,15.87,9,0.12,0.1362,9.14,0.99
1.83,3.68,15.87,9,0.12,0.1362,9.15,0.95
1.83,3.68,15.87,9,0.15,0.1362,9.15,0.95
1.82,3.67,15.87,9,0.15,0.1362,9.15,0.97
1.83,3.68,15.87,9,0.15,0.1362,9.15,0.98
1.82,3.67,15.87,9,0.15,0.1362,9.14,1
1.82,3.67,15.87,9,0.12,0.1362,9.14,1.02
1.83,3.68,15.87,9,0.12,0.1362,9.14,1.02
1.83,3.68,15.87,9,0.12,0.1362,9.14,1.02
1.84,3.69,15.87,9,0.12,0.1362,9.14,1.01
1.83,3.68,15.87,9,0.12,0.1362,9.14,0.98
1.83,3.68,15.87,9,0.12,0.1362,9.14,0.98
1.83,3.68,15.88,9,0.12,0.1362,9.14,1.01
1.82,3.67,15.87,9,0.12,0.1362,9.14,1.02
1.82,3.67,15.88,9,0.12,0.1362,9.14,1.01
1.83,3.68,15.87,9,0.12,0.1362,9.14,1.01
1.83,3.68,15.87,9,0.12,0.1362,9.14,0.99
1.83,3.68,15.88,9,0.12,0.1362,9.14,0.97
1.83,3.68,15.87,9,0.12,0.1362,9.15,0.97
1.83,3.68,15.87,9,0.12,0.1362,9.15,0.99
1.83,3.68,15.88,9,0.12,0.1362,9.14,1.02
1.83,3.68,15.88,9,0.12,0.1362,9.14,1.05
1.82,3.67,15.87,9,0.12,0.1362,9.16,1.06
1.83,3.68,15.88,9,0.12,0.1362,9.16,1.1
1.83,3.68,15.87,9,0.12,0.1362,9.15,1.17
1.82,3.67,15.87,9,0.15,0.1362,9.15,1.3
1.82,3.67,15.87,9,0.15,0.1362,9.16,1.49
1.83,3.68,15.87,9,0.15,0.1362,9.16,1.55
1.83,3.68,15.87,9,0.15,0.1362,9.15,1.43
1.83,3.68,15.87,9,0.22,0.1362,9.15,1.3
1.82,3.67,15.87,9,0.37,0.1362,9.16,1.21
1.82,3.67,15.87,9,0.46,0.1362,9.16,1.14
1.82,3.67,15.87,9,0.43,0.1362,9.16,1.13
1.82,3.67,15.87,9,0.28,0.1362,9.15,1.15
1.82,3.67,15.87,9,0.15,0.1362,9.15,1.11
1.82,3.67,15.87,9,0.12,0.1362,9.16,1.1
1.83,3.68,15.87,9,0.12,0.1362,9.16,1.07
1.84,3.69,15.87,9,0.15,0.1362,9.14,1.05
1.84,3.69,15.87,9,0.19,0.1362,9.14,1.05
1.83,3.68,15.87,9,0.15,0.1362,9.16,1.26
1.82,3.67,15.88,9,0.12,0.1362,9.16,1.49
1.83,3.68,15.87,9,0.12,0.1362,9.15,1.5
1.82,3.67,15.87,9,0.12,0.1362,9.15,1.4
1.83,3.68,15.87,9,0.12,0.1362,9.16,1.3
1.82,3.67,15.87,9,0.12,0.1362,9.16,1.23
1.84,3.69,15.87,9,0.12,0.1362,9.16,1.19
1.84,3.69,15.87,9,0.12,0.1362,9.16,1.2
1.84,3.69,15.87,9,0.12,0.1362,9.14,1.18
1.84,3.69,15.87,9,0.12,0.1362,9.14,1.12
1.84,3.69,15.87,9,0.12,0.1362,9.14,1.07
1.83,3.68,15.87,9,0.09,0.1362,9.14,1.06
1.83,3.68,15.87,9,0.12,0.1362,9.14,1.11
1.83,3.68,15.87,9,0.09,0.1362,9.14,1.18
1.83,3.68,15.87,9,0.12,0.1362,9.14,1.3
1.83,3.68,15.87,9,0.09,0.1362,9.15,1.35
1.82,3.67,15.87,9,0.09,0.1351,9.15,1.27
1.83,3.68,15.87,9,0.09,0.1362,9.15,1.19
1.83,3.68,15.87,9,0.09,0.1373,9.15,1.11
1.84,3.69,15.87,9,0.09,0.1362,9.15,1.06
1.83,3.68,15.87,9,0.12,0.1362,9.15,1.02
1.84,3.69,15.87,9,0.09,0.1362,9.13,0.99
1.83,3.68,15.87,9,0.12,0.1362,9.13,1.02
1.83,3.68,15.87,9,0.12,0.1362,9.13,1.11
1.83,3.68,15.87,9,0.12,0.1362,9.14,1.16
1.83,3.68,15.87,9,0.12,0.1362,9.14,1.18
1.83,3.68,15.87,9,0.12,0.1362,9.14,1.19
1.83,3.68,15.87,9,0.12,0.1362,9.14,1.16
1.83,3.68,15.87,9,0.12,0.1362,9.14,1.11
1.83,3.68,15.87,9,0.12,0.1362,9.14,1.07
1.83,3.68,15.87,9,0.12,0.1362,9.13,1.04
1.83,3.68,15.87,9,0.12,0.1362,9.13,1.07
1.83,3.68,15.87,9,0.12,0.1362,9.13,1.13
1.83,3.68,15.87,9,0.12,0.1362,9.13,1.14
1.83,3.68,15.87,9,0.12,0.1362,9.13,1.11
1.85,3.7,15.87,9,0.12,0.1362,9.13,1.19
1.85,3.7,15.87,9,0.12,0.1362,9.13,1.2
1.86,3.71,15.87,9,0.12,0.1351,9.13,1.22
1.88,3.73,15.87,9,0.15,0.1362,9.12,1.2
1.9,3.75,15.87,9,0.12,0.1362,9.13,1.15
1.91,3.76,15.87,9,0.12,0.1362,9.12,1.08
1.94,3.79,15.87,9,0.15,0.1362,9.14,1.04
1.95,3.8,15.87,9,0.12,0.1362,9.14,1
1.98,3.83,15.87,9,0.12,0.1362,9.13,0.96
2,3.85,15.87,8.99,0.12,0.1362,9.13,0.93
2.02,3.87,15.86,8.99,0.12,0.1362,9.13,0.96
2.01,3.86,15.86,8.99,0.12,0.1362,9.13,1.01
2.01,3.86,15.86,8.99,0.12,0.1351,9.12,1.1
2.01,3.86,15.86,8.99,0.12,0.1362,9.12,1.13
2.02,3.87,15.86,8.99,0.12,0.1362,9.13,1.14
2.02,3.87,15.86,8.99,0.12,0.1362,9.13,1.14
2.03,3.88,15.86,8.99,0.12,0.1362,9.12,1.17
2.05,3.9,15.86,8.99,0.09,0.1362,9.12,1.12
2.05,3.9,15.86,8.99,0.15,0.1362,9.12,1.05
2.06,3.91,15.86,9,0.15,0.1362,9.12,1
2.06,3.91,15.86,8.99,0.12,0.1362,9.12,0.96
2.06,3.91,15.86,9,0.12,0.1362,9.12,0.93
2.07,3.92,15.86,9,0.12,0.1362,9.12,0.9
2.09,3.94,15.86,9,0.09,0.1362,9.11,0.91
2.11,3.96,15.86,9,0.12,0.1362,9.11,1
2.14,3.99,15.86,9,0.19,0.1362,9.11,1.04
2.16,4.01,15.86,9,0.15,0.1362,9.11,1.03
2.19,4.04,15.86,9,0.28,0.1362,9.11,0.99
2.21,4.06,15.86,9,0.25,0.1362,9.11,0.94
2.23,4.08,15.86,9,0.15,0.1351,9.12,0.91
2.27,4.12,15.86,9,0.15,0.1362,9.12,0.88
2.29,4.14,15.86,9,0.12,0.1351,9.11,0.87
2.32,4.17,15.85,9,0.12,0.1362,9.11,0.89
2.33,4.18,15.85,9,0.22,0.1362,9.11,0.9
2.35,4.2,15.85,9,0.25,0.1351,9.11,0.94
2.36,4.21,15.84,9,0.15,0.1362,9.12,1.02
2.39,4.24,15.83,9,0.12,0.1351,9.12,1.03
2.4,4.25,15.83,9,0.12,0.1362,9.13,1.04
2.42,4.27,15.83,9,0.12,0.1362,9.13,1.01
2.44,4.29,15.82,9,0.12,0.1362,9.13,0.99
2.46,4.31,15.82,9,0.09,0.1362,9.13,1.02
2.47,4.32,15.82,9,0.09,0.1351,9.13,1.06
2.49,4.34,15.81,9,0.12,0.1362,9.13,1.07
2.52,4.37,15.81,9,0.22,0.1362,9.13,1.09
2.53,4.38,15.81,9,0.15,0.1362,9.14,1.12
2.54,4.39,15.8,9,0.15,0.1362,9.14,1.16
2.55,4.4,15.8,9,0.37,0.1351,9.15,1.18
2.56,4.41,15.8,9,0.62,0.1362,9.15,1.15
2.58,4.43,15.8,9,0.31,0.1362,9.16,1.09
2.6,4.45,15.79,9,0.15,0.1362,9.16,1.04
2.61,4.46,15.79,9,0.12,0.1351,9.16,1.08
2.64,4.49,15.79,9,0.22,0.1351,9.16,1.14
2.66,4.51,15.78,9,0.15,0.1362,9.16,1.14
2.69,4.54,15.78,9,0.12,0.1362,9.17,1.1
2.71,4.56,15.77,9,0.09,0.1351,9.17,1.07
2.72,4.57,15.77,9,0.12,0.1351,9.18,1.23
2.73,4.58,15.76,9,0.12,0.1351,9.18,1.33
2.75,4.6,15.76,9,0.15,0.1351,9.16,1.31
2.76,4.61,15.76,9.01,0.12,0.1351,9.16,1.22
2.77,4.62,15.76,9.01,0.12,0.1351,9.17,1.13
2.79,4.64,15.75,9.01,0.12,0.1351,9.17,1.07
2.81,4.66,15.75,9.01,0.09,0.1351,9.17,1.04
2.83,4.68,15.74,9.01,0.09,0.1351,9.17,1.01
2.84,4.69,15.74,9.01,0.12,0.1362,9.17,0.98
2.86,4.71,15.74,9.01,0.15,0.1351,9.17,0.95
2.87,4.72,15.74,9.01,0.19,0.1351,9.15,0.94
2.89,4.74,15.73,9.01,0.15,0.1351,9.15,0.92
2.91,4.76,15.73,9.01,0.15,0.1351,9.15,0.9
2.93,4.78,15.72,9.01,0.15,0.1351,9.15,0.89
2.94,4.79,15.71,9.01,0.12,0.1351,9.14,0.92
2.95,4.8,15.71,9.01,0.12,0.1351,9.14,0.91
2.97,4.82,15.71,9.01,0.12,0.1351,9.14,0.91
3,4.85,15.71,9.01,0.12,0.1351,9.15,0.94
3.04,4.89,15.7,9.01,0.12,0.1351,9.15,0.97
3.07,4.92,15.69,9.01,0.12,0.1351,9.16,1.02
3.09,4.94,15.69,9.01,0.12,0.1351,9.16,1.15
3.1,4.95,15.68,9.01,0.09,0.1351,9.14,1.19
3.11,4.96,15.67,9.01,0.09,0.1351,9.14,1.15
3.12,4.97,15.67,9.01,0.12,0.134,9.14,1.12
3.12,4.97,15.67,9.01,0.12,0.1351,9.14,1.17
3.12,4.97,15.67,9.01,0.12,0.1351,9.14,1.13
3.12,4.97,15.67,9.01,0.09,0.1351,9.14,1.06
3.14,4.99,15.66,9.01,0.12,0.1351,9.14,0.98
3.15,5,15.66,9.01,0.12,0.1351,9.14,0.94
3.15,5,15.65,9.01,0.12,0.1351,9.12,0.94
3.15,5,15.64,9.01,0.15,0.1351,9.12,0.95
3.16,5.01,15.64,9.01,0.15,0.1351,9.12,0.97
3.17,5.02,15.63,9.01,0.12,0.1351,9.12,0.96
3.17,5.02,15.63,9.01,0.09,0.134,9.12,0.96
3.17,5.02,15.63,9.01,0.12,0.1351,9.1,0.98
3.17,5.02,15.63,9.01,0.12,0.1351,9.1,0.98
3.16,5.01,15.63,9.01,0.12,0.1351,9.11,0.96
3.16,5.01,15.63,9.01,0.12,0.1351,9.11,0.94
3.16,5.01,15.63,9.01,0.12,0.1351,9.1,0.95
3.16,5.01,15.63,9.01,0.09,0.134,9.1,1.01
3.17,5.02,15.63,9.01,0.09,0.134,9.1,1.06
3.17,5.02,15.63,9.01,0.09,0.1351,9.1,1.03
3.18,5.03,15.63,9.01,0.09,0.1351,9.1,0.99
3.18,5.03,15.62,9.01,0.09,0.1351,9.1,0.98
3.18,5.03,15.62,9.01,0.09,0.1351,9.09,1.01
3.18,5.03,15.62,9.01,0.09,0.1351,9.09,1.01
3.18,5.03,15.62,9.01,0.09,0.1351,9.09,1
3.18,5.03,15.62,9.01,0.09,0.1351,9.09,0.98
3.18,5.03,15.62,9.01,0.09,0.1351,9.09,0.95
3.19,5.04,15.62,9.01,0.09,0.1351,9.09,0.94
3.2,5.05,15.62,9.01,0.25,0.1351,9.09,0.95
3.23,5.08,15.61,9.01,0.19,0.1351,9.08,0.96
3.25,5.1,15.61,9,0.12,0.1351,9.08,0.96
3.26,5.11,15.6,9,0.12,0.134,9.06,1
3.29,5.14,15.6,9,0.09,0.134,9.06,1.17
3.31,5.16,15.6,9,0.12,0.134,9.07,1.2
3.33,5.18,15.59,9,0.12,0.134,9.07,1.18
3.35,5.2,15.59,9,0.12,0.134,9.05,1.13
3.38,5.23,15.58,9,0.12,0.134,9.05,1.08
3.41,5.26,15.56,9,0.12,0.134,9.05,1.04
3.43,5.28,15.54,9,0.12,0.134,9.05,1.05
3.45,5.3,15.53,9,0.12,0.134,9.06,1.11
3.46,5.31,15.52,9,0.12,0.1351,9.06,1.12
3.47,5.32,15.52,9,0.15,0.1351,9.06,1.1
3.49,5.34,15.52,9,0.15,0.134,9.04,1.07
3.5,5.35,15.51,9,0.12,0.1351,9.04,1.08
3.51,5.36,15.51,9,0.15,0.1351,9.03,1.11
3.52,5.37,15.51,9,0.19,0.1351,9.03,1.16
3.53,5.38,15.5,9,0.15,0.1351,9.02,1.15
3.54,5.39,15.5,9,0.15,0.1351,9.02,1.13
3.55,5.4,15.5,9,0.12,0.1351,9.02,1.09
3.55,5.4,15.5,9,0.12,0.1351,9.02,1.07
3.57,5.42,15.5,9,0.09,0.1351,9.03,1.13
3.59,5.44,15.49,9,0.15,0.1351,9.03,1.15
3.6,5.45,15.48,9,0.15,0.1351,9.01,1.13
3.62,5.47,15.47,9,0.12,0.1351,9.01,1.1
3.63,5.48,15.46,9,0.12,0.1351,9,1.08
3.64,5.49,15.44,9,0.12,0.134,9,1.09
3.65,5.5,15.43,9,0.12,0.1351,9,1.17
3.66,5.51,15.42,9,0.12,0.1351,9,1.19
3.67,5.52,15.41,9,0.09,0.1351,9,1.14
3.69,5.54,15.4,9,0.09,0.1351,8.99,1.06
3.7,5.55,15.4,9,0.09,0.134,8.99,0.96
3.71,5.56,15.39,9,0.12,0.134,9,0.94
3.72,5.57,15.38,9,0.12,0.134,9,1
3.74,5.59,15.37,9,0.12,0.134,8.97,1.06
3.77,5.62,15.36,9,0.12,0.134,8.97,1.04
3.79,5.64,15.35,9,0.22,0.134,8.97,1
3.81,5.66,15.33,9,0.15,0.134,8.97,0.96
3.82,5.67,15.31,9,0.12,0.134,8.96,1
3.83,5.68,15.31,9,0.12,0.134,8.96,1
3.85,5.7,15.31,9,0.12,0.134,8.95,0.97
3.85,5.7,15.31,9,0.12,0.134,8.95,0.94
3.86,5.71,15.3,9,0.15,0.134,8.93,0.93
3.87,5.72,15.29,9,0.19,0.134,8.93,1.06
3.88,5.73,15.29,9,0.19,0.134,8.93,1.14
3.89,5.74,15.28,9,0.12,0.134,8.92,1.16
3.9,5.75,15.27,8.99,0.09,0.134,8.92,1.16
3.91,5.76,15.26,8.99,0.12,0.134,8.92,1.1
3.92,5.77,15.25,8.99,0.12,0.1351,8.92,1.06
3.93,5.78,15.23,8.99,0.12,0.134,8.9,1.01
3.94,5.79,15.22,8.99,0.12,0.134,8.9,0.98
3.95,5.8,15.21,8.99,0.12,0.1351,8.91,0.98
3.96,5.81,15.21,8.99,0.12,0.134,8.91,1.03
3.97,5.82,15.2,8.99,0.09,0.134,8.91,1.04
3.98,5.83,15.19,8.99,0.09,0.134,8.91,1.06
3.99,5.84,15.18,8.99,0.09,0.1351,8.9,1.02
4,5.85,15.18,8.99,0.12,0.1351,8.9,0.98
4.01,5.86,15.17,8.99,0.12,0.1351,8.89,0.97
4.01,5.86,15.17,8.99,0.15,0.134,8.89,1.04
4.01,5.86,15.18,8.99,0.15,0.1351,8.88,1.04
4.02,5.87,15.19,8.98,0.12,0.1351,8.88,1.02
4.03,5.88,15.19,8.98,0.12,0.1351,8.88,0.98
4.02,5.87,15.19,8.98,0.12,0.1351,8.87,1
4.03,5.88,15.2,8.98,0.12,0.134,8.87,1.02
4.03,5.88,15.2,8.98,0.12,0.1351,8.87,1.01
4.03,5.88,15.2,8.98,0.12,0.134,8.87,0.99
4.03,5.88,15.2,8.98,0.09,0.1351,8.84,1.04
4.04,5.89,15.19,8.98,0.12,0.134,8.84,1.06
4.04,5.89,15.19,8.98,0.12,0.1351,8.84,1.04
4.05,5.9,15.19,8.98,0.12,0.1351,8.84,1
4.05,5.9,15.18,8.98,0.09,0.134,8.81,0.98
4.06,5.91,15.18,8.98,0.12,0.1351,8.81,0.98
4.08,5.93,15.18,8.97,0.12,0.1351,8.8,1.03
4.08,5.93,15.19,8.97,0.12,0.1351,8.8,1.08
4.09,5.94,15.19,8.97,0.09,0.1351,8.76,1.14
4.1,5.95,15.19,8.97,0.12,0.1362,8.76,1.22
4.11,5.96,15.18,8.97,0.12,0.1362,8.76,1.32
4.13,5.98,15.18,8.97,0.12,0.1362,8.74,1.38
4.15,6,15.17,8.97,0.12,0.1362,8.74,1.39
4.16,6.01,15.14,8.97,0.15,0.1373,8.7,1.39
4.19,6.04,15.09,8.97,0.19,0.1373,8.7,1.42
4.2,6.05,15.03,8.96,0.15,0.1373,8.67,1.47
4.21,6.06,14.99,8.96,0.12,0.1384,8.67,1.52
4.22,6.07,14.95,8.96,0.15,0.1373,8.65,1.54
4.23,6.08,14.91,8.96,0.15,0.1373,8.65,1.53
4.24,6.09,14.88,8.96,0.12,0.1384,8.62,1.53
4.25,6.1,14.84,8.95,0.15,0.1384,8.62,1.56
4.27,6.12,14.83,8.95,0.52,0.1384,8.58,1.66
4.28,6.13,14.81,8.95,0.43,0.1384,8.58,1.69
4.3,6.15,14.79,8.95,0.25,0.1384,8.54,1.67
4.31,6.16,14.78,8.95,0.19,0.1384,8.54,1.66
4.32,6.17,14.76,8.94,0.19,0.1395,8.51,1.69
4.34,6.19,14.75,8.94,0.15,0.1395,8.49,1.76
4.36,6.21,14.74,8.94,0.19,0.1395,8.49,1.8
4.36,6.21,14.73,8.94,0.19,0.1395,8.4,1.89
4.38,6.23,14.71,8.94,0.15,0.1395,8.4,2.05
4.38,6.23,14.71,8.93,0.15,0.1406,8.31,2.36
4.37,6.22,14.71,8.93,0.15,0.1395,8.31,2.43
4.37,6.22,14.74,8.93,0.15,0.1406,8.21,2.35
4.37,6.22,14.78,8.93,0.15,0.1395,8.21,2.26
4.38,6.23,14.82,8.93,0.12,0.1395,8.13,2.19
4.38,6.23,14.85,8.92,0.12,0.1395,8.13,2.11
4.39,6.24,14.87,8.92,0.15,0.1395,8.06,2.07
4.39,6.24,14.87,8.92,0.19,0.1395,8.06,2.08
4.4,6.25,14.85,8.92,0.19,0.1395,7.99,2.27
4.41,6.26,14.83,8.92,0.15,0.1395,7.99,2.34
4.42,6.27,14.8,8.92,0.15,0.1406,7.91,2.32
4.43,6.28,14.78,8.91,0.15,0.1406,7.91,2.28
4.44,6.29,14.76,8.91,0.22,0.1406,7.91,2.22
4.46,6.31,14.75,8.91,0.22,0.1406,7.86,2.19
4.47,6.32,14.73,8.91,0.19,0.1406,7.86,2.15
4.49,6.34,14.7,8.91,0.19,0.1417,7.83,2.09
4.51,6.36,14.68,8.91,0.19,0.1417,7.83,2.06
4.54,6.39,14.64,8.9,0.19,0.1417,7.78,2.11
4.55,6.4,14.59,8.9,0.22,0.1428,7.78,2.18
4.56,6.41,14.53,8.9,0.22,0.1428,7.7,2.34
4.57,6.42,14.49,8.9,0.22,0.1428,7.7,2.51
4.59,6.44,14.46,8.89,0.22,0.1428,7.61,2.62
4.6,6.45,14.45,8.89,0.22,0.1428,7.61,2.71
4.61,6.46,14.44,8.89,0.22,0.1428,7.52,2.69
4.63,6.48,14.43,8.89,0.25,0.1428,7.52,2.68
4.63,6.48,14.42,8.89,0.22,0.1428,7.43,2.65
4.64,6.49,14.42,8.88,0.22,0.1428,7.43,2.6
4.66,6.51,14.42,8.88,0.22,0.1428,7.35,2.68
4.68,6.53,14.41,8.88,0.22,0.1439,7.35,2.74
4.7,6.55,14.39,8.88,0.25,0.1439,7.35,2.74
4.72,6.57,14.37,8.88,0.22,0.1439,7.26,2.69
4.74,6.59,14.35,8.87,0.25,0.1439,7.26,2.67
4.74,6.59,14.34,8.87,0.25,0.1428,7.18,2.7
4.75,6.6,14.33,8.87,0.22,0.1439,7.18,2.8
4.76,6.61,14.32,8.87,0.28,0.1439,7.08,2.82
4.77,6.62,14.32,8.87,0.25,0.1439,7.08,2.79
4.78,6.63,14.32,8.87,0.22,0.1439,7,2.76
4.78,6.63,14.31,8.86,0.19,0.1439,7,2.74
4.78,6.63,14.31,8.86,0.22,0.1439,6.92,2.74
4.79,6.64,14.31,8.86,0.22,0.1439,6.92,2.74
4.8,6.65,14.31,8.86,0.25,0.1439,6.85,2.74
4.81,6.66,14.31,8.86,0.28,0.1439,6.85,2.91
4.82,6.67,14.31,8.86,0.4,0.1439,6.79,2.99
4.83,6.68,14.31,8.85,0.31,0.1439,6.76,3.01
4.84,6.69,14.3,8.85,0.25,0.145,6.76,3.02
4.86,6.71,14.29,8.85,0.25,0.145,6.69,3.01
4.88,6.73,14.26,8.85,0.25,0.145,6.69,2.97
4.89,6.74,14.23,8.85,0.31,0.145,6.65,2.97
4.91,6.76,14.2,8.84,0.31,0.1461,6.65,2.99
4.92,6.77,14.18,8.84,0.25,0.1461,6.6,3.02
4.93,6.78,14.16,8.84,0.25,0.1461,6.6,3.14
4.95,6.8,14.14,8.84,0.25,0.1472,6.55,3.28
4.96,6.81,14.13,8.84,0.25,0.1472,6.55,3.35
4.97,6.82,14.11,8.84,0.28,0.1472,6.52,3.36
4.99,6.84,14.11,8.83,0.28,0.1472,6.52,3.48
4.99,6.84,14.1,8.83,0.25,0.1472,6.48,3.71
5,6.85,14.1,8.83,0.25,0.1483,6.48,3.8
5,6.85,14.09,8.83,0.25,0.1483,6.44,3.86
5.02,6.87,14.08,8.83,0.28,0.1483,6.44,3.86
5.03,6.88,14.08,8.82,0.31,0.1494,6.39,3.83
5.04,6.89,14.08,8.82,0.25,0.1483,6.39,3.81
5.05,6.9,14.06,8.82,0.25,0.1494,6.39,3.86
5.05,6.9,14.05,8.82,0.25,0.1494,6.32,3.88
5.05,6.9,14.04,8.82,0.28,0.1494,6.32,3.85
5.05,6.9,14.04,8.82,0.28,0.1494,6.24,3.81
5.05,6.9,14.04,8.81,0.28,0.1494,6.24,3.79
5.05,6.9,14.06,8.81,0.28,0.1494,6.18,3.79
5.05,6.9,14.07,8.81,0.25,0.1494,6.18,3.85
5.05,6.9,14.08,8.81,0.31,0.1494,6.11,3.85
5.05,6.9,14.09,8.81,0.31,0.1494,6.11,3.8
5.05,6.9,14.1,8.81,0.25,0.1505,6.03,3.82
5.05,6.9,14.11,8.81,0.28,0.1494,6.03,3.81
5.05,6.9,14.12,8.8,0.28,0.1494,5.96,3.8
5.05,6.9,14.12,8.8,0.28,0.1494,5.96,3.81
5.05,6.9,14.13,8.8,0.25,0.1494,5.9,3.82
5.07,6.92,14.13,8.8,0.28,0.1494,5.9,3.9
5.09,6.94,14.13,8.8,0.31,0.1505,5.83,3.94
5.12,6.97,14.11,8.8,0.28,0.1517,5.82,3.95
5.13,6.98,14.07,8.8,0.25,0.1517,5.82,3.96
5.15,7,14.02,8.79,0.43,0.1517,5.73,3.95
5.16,7.01,13.99,8.79,0.4,0.1528,5.73,3.94
5.17,7.02,13.97,8.79,0.31,0.1528,5.62,3.97
5.18,7.03,13.96,8.79,0.31,0.1528,5.62,3.97
5.19,7.04,13.93,8.79,0.28,0.1539,5.53,3.96
5.2,7.05,13.91,8.78,0.25,0.1528,5.53,3.97
5.21,7.06,13.9,8.78,0.28,0.1528,5.46,3.99
5.22,7.07,13.88,8.78,0.31,0.1528,5.46,4
5.23,7.08,13.88,8.78,0.34,0.1539,5.43,4
5.25,7.1,13.87,8.78,0.34,0.1539,5.43,4.07
5.26,7.11,13.86,8.78,0.31,0.1539,5.41,4.2
5.28,7.13,13.84,8.77,0.28,0.1539,5.41,4.3
5.3,7.15,13.82,8.77,0.28,0.155,5.35,4.34
5.31,7.16,13.8,8.77,0.31,0.155,5.35,4.38
5.32,7.17,13.77,8.77,0.31,0.155,5.35,4.37
5.34,7.19,13.74,8.77,0.34,0.1561,5.31,4.44
5.35,7.2,13.72,8.77,0.37,0.1561,5.31,4.51
5.36,7.21,13.71,8.77,0.34,0.1561,5.26,4.47
5.37,7.22,13.7,8.76,0.31,0.1561,5.26,4.36
5.38,7.23,13.7,8.76,0.31,0.1561,5.2,4.25
5.39,7.24,13.69,8.76,0.28,0.1572,5.2,4.19
5.41,7.26,13.68,8.76,0.28,0.1572,5.15,4.19
5.42,7.27,13.67,8.76,0.28,0.1572,5.15,4.27
5.44,7.29,13.66,8.76,0.28,0.1572,5.12,4.52
5.45,7.3,13.65,8.75,0.31,0.1583,5.12,4.58
5.46,7.31,13.64,8.75,0.34,0.1583,5.13,4.55
5.47,7.32,13.62,8.75,0.31,0.1583,5.13,4.53
5.49,7.34,13.61,8.75,0.34,0.1594,5.11,4.52
5.5,7.35,13.59,8.75,0.34,0.1594,5.11,4.69
5.51,7.36,13.56,8.75,0.31,0.1605,5.11,4.95
5.52,7.37,13.53,8.74,0.28,0.1605,5.07,4.98
5.53,7.38,13.51,8.74,0.31,0.1605,5.01,4.97
5.54,7.39,13.5,8.74,0.31,0.1616,5.01,5
5.55,7.4,13.49,8.74,0.28,0.1627,5,5.02
5.56,7.41,13.47,8.74,0.31,0.1627,4.93,5
5.57,7.42,13.46,8.73,0.28,0.1627,4.93,4.95
5.58,7.43,13.45,8.73,0.28,0.1627,4.84,4.93
5.59,7.44,13.45,8.73,0.34,0.1649,4.84,4.86
5.59,7.44,13.46,8.73,0.34,0.1649,4.74,4.77
5.61,7.46,13.48,8.73,0.28,0.166,4.74,4.72
5.62,7.47,13.47,8.73,0.28,0.1671,4.64,4.77
5.62,7.47,13.47,8.72,0.28,0.1671,4.64,4.85
5.64,7.49,13.46,8.72,0.31,0.1682,4.56,5
5.64,7.49,13.45,8.72,0.31,0.1694,4.56,5.12
5.66,7.51,13.43,8.72,0.34,0.1705,4.48,5.29
5.67,7.52,13.41,8.72,0.4,0.1716,4.48,5.52
5.68,7.53,13.37,8.71,0.34,0.1716,4.48,5.75
5.69,7.54,13.33,8.71,0.37,0.1727,4.39,5.94
5.71,7.56,13.28,8.71,0.56,0.1749,4.31,6.13
5.72,7.57,13.24,8.71,0.43,0.176,4.31,6.27
5.72,7.57,13.21,8.71,0.34,0.1771,4.31,6.47
5.74,7.59,13.18,8.7,0.34,0.1782,4.25,6.6
5.75,7.6,13.16,8.7,0.34,0.1782,4.26,6.78
5.76,7.61,13.15,8.7,0.31,0.1782,4.22,6.94
5.76,7.61,13.13,8.7,0.34,0.1793,4.22,7.09
5.78,7.63,13.11,8.7,0.34,0.1793,4.17,7.22
5.79,7.64,13.08,8.69,0.56,0.1804,4.17,7.31
5.81,7.66,13.03,8.69,0.52,0.1815,4.15,7.39
5.83,7.68,12.99,8.69,0.4,0.1815,4.15,7.45
5.84,7.69,12.94,8.69,0.4,0.1826,4.12,7.54
5.86,7.71,12.89,8.69,0.4,0.1826,4.12,7.6
5.86,7.71,12.85,8.68,0.37,0.1826,4.11,7.69
5.88,7.73,12.81,8.68,0.43,0.1837,4.11,7.78
5.89,7.74,12.77,8.68,0.4,0.1837,4.12,7.87
5.89,7.74,12.74,8.68,0.37,0.1848,4.13,7.99
5.89,7.74,12.75,8.68,0.4,0.1837,4.13,8.01
5.9,7.75,12.79,8.68,0.34,0.1837,4.14,7.96
5.89,7.74,12.81,8.67,0.34,0.1837,4.14,7.93
5.89,7.74,12.79,8.67,0.37,0.1837,4.17,7.87
5.89,7.74,12.77,8.67,0.4,0.1837,4.17,7.86
5.89,7.74,12.74,8.67,0.65,0.1837,4.17,7.9
5.89,7.74,12.71,8.67,0.92,0.1826,4.17,7.91
5.89,7.74,12.64,8.67,0.56,0.1826,4.19,7.87
5.89,7.74,12.55,8.66,0.37,0.1837,4.19,7.84
5.89,7.74,12.46,8.66,0.37,0.1826,4.2,7.8
5.89,7.74,12.41,8.66,0.34,0.1826,4.2,7.84
5.9,7.75,12.38,8.66,0.31,0.1826,4.2,7.85
5.9,7.75,12.34,8.66,0.34,0.1826,4.2,7.83
5.89,7.74,12.3,8.66,0.34,0.1826,4.22,7.82
5.91,7.76,12.26,8.66,0.31,0.1826,4.22,7.81
5.93,7.78,12.23,8.65,0.34,0.1837,4.22,7.83
5.94,7.79,12.2,8.65,0.34,0.1837,4.22,7.86
5.94,7.79,12.17,8.65,0.34,0.1837,4.22,7.95
5.95,7.8,12.14,8.65,0.34,0.1848,4.23,8
5.96,7.81,12.12,8.65,0.37,0.1848,4.23,8.01
5.97,7.82,12.1,8.65,0.4,0.1848,4.24,8.08
5.98,7.83,12.09,8.65,0.43,0.1848,4.24,8.18
5.99,7.84,12.07,8.65,0.43,0.186,4.25,8.27
6.01,7.86,12.05,8.64,0.52,0.186,4.25,8.37
6.02,7.87,12.03,8.64,0.43,0.186,4.28,8.46
6.03,7.88,12.01,8.64,0.4,0.186,4.28,8.55
6.05,7.9,12,8.64,0.4,0.1871,4.31,8.64
6.06,7.91,11.98,8.64,0.4,0.1871,4.31,8.73
6.07,7.92,11.96,8.64,0.4,0.1871,4.32,8.83
6.09,7.94,11.95,8.64,0.4,0.1871,4.32,9.09
6.1,7.95,11.93,8.64,0.4,0.1871,4.32,9.22
6.11,7.96,11.91,8.63,0.52,0.1871,4.32,9.27
6.12,7.97,11.9,8.63,0.62,0.1882,4.33,9.27
6.13,7.98,11.89,8.63,0.62,0.1882,4.35,9.32
6.16,8.01,11.87,8.63,0.49,0.1882,4.35,9.3
6.18,8.03,11.84,8.63,0.43,0.1882,4.37,9.28
6.2,8.05,11.81,8.63,0.43,0.1882,4.37,9.33
6.21,8.06,11.78,8.63,0.43,0.1893,4.4,9.41
6.23,8.08,11.74,8.62,0.56,0.1893,4.4,9.48
6.24,8.09,11.72,8.62,0.49,0.1893,4.42,9.47
6.24,8.09,11.7,8.62,0.49,0.1893,4.42,9.4
6.24,8.09,11.69,8.62,0.49,0.1893,4.44,9.31
6.24,8.09,11.68,8.62,0.49,0.1893,4.44,9.25
6.25,8.1,11.66,8.62,0.43,0.1893,4.45,9.28
6.24,8.09,11.65,8.62,0.4,0.1893,4.45,9.31
6.24,8.09,11.64,8.62,0.4,0.1882,4.46,9.32
6.24,8.09,11.63,8.62,0.4,0.1882,4.46,9.33
6.24,8.09,11.61,8.61,0.43,0.1882,4.46,9.38
6.24,8.09,11.61,8.61,0.4,0.1882,4.46,9.43
6.24,8.09,11.61,8.61,0.4,0.1882,4.46,9.48
6.24,8.09,11.61,8.61,0.37,0.1882,4.47,9.54
6.24,8.09,11.6,8.61,0.43,0.1882,4.47,9.54
6.24,8.09,11.59,8.61,0.43,0.1882,4.5,9.48
6.24,8.09,11.58,8.61,0.43,0.1882,4.49,9.4
6.24,8.09,11.58,8.61,0.43,0.1882,4.53,9.39
6.24,8.09,11.57,8.61,0.52,0.1882,4.53,9.44
6.24,8.09,11.57,8.6,0.46,0.1882,4.56,9.44
6.24,8.09,11.57,8.6,0.43,0.1882,4.56,9.4
6.25,8.1,11.57,8.6,0.4,0.1882,4.6,9.33
6.26,8.11,11.57,8.6,0.46,0.1893,4.6,9.26
6.27,8.12,11.56,8.6,0.43,0.1882,4.62,9.23
6.3,8.15,11.56,8.6,0.46,0.1893,4.62,9.21
6.31,8.16,11.54,8.6,0.59,0.1904,4.63,9.27
6.33,8.18,11.53,8.6,0.68,0.1904,4.63,9.38
6.34,8.19,11.51,8.6,0.59,0.1904,4.63,9.46
6.35,8.2,11.49,8.6,0.56,0.1904,4.64,9.46
6.37,8.22,11.48,8.59,0.99,0.1904,4.66,9.54
6.39,8.24,11.46,8.59,0.71,0.1915,4.66,9.58
6.4,8.25,11.44,8.59,0.56,0.1915,4.66,9.59
6.42,8.27,11.43,8.59,0.49,0.1915,4.68,9.65
6.43,8.28,11.42,8.59,0.46,0.1915,4.68,9.69
6.45,8.3,11.41,8.59,0.46,0.1915,4.7,9.78
6.46,8.31,11.39,8.59,0.46,0.1915,4.7,9.91
6.47,8.32,11.38,8.59,0.46,0.1926,4.73,10.07
6.48,8.33,11.36,8.59,0.71,0.1926,4.73,10.24
6.5,8.35,11.34,8.59,0.62,0.1926,4.76,10.36
6.51,8.36,11.33,8.58,0.52,0.1926,4.76,10.78
6.52,8.37,11.31,8.58,0.46,0.1926,4.78,11.02
6.54,8.39,11.29,8.58,0.43,0.1926,4.78,11.15
6.56,8.41,11.27,8.58,0.46,0.1926,4.78,11.23
6.57,8.42,11.25,8.58,0.46,0.1937,4.78,11.27
6.59,8.44,11.23,8.58,0.43,0.1937,4.78,11.42
6.6,8.45,11.2,8.58,0.43,0.1937,4.79,11.6
6.61,8.46,11.18,8.58,0.43,0.1948,4.79,11.66
6.62,8.47,11.16,8.58,0.4,0.1937,4.79,11.75
6.64,8.49,11.15,8.58,0.43,0.1937,4.79,11.84
6.64,8.49,11.13,8.58,0.46,0.1948,4.79,11.87
6.65,8.5,11.12,8.57,0.49,0.1948,4.79,11.85
6.65,8.5,11.11,8.57,0.49,0.1937,4.77,11.88
6.67,8.52,11.09,8.57,0.52,0.1948,4.77,11.88
6.68,8.53,11.08,8.57,0.49,0.1948,4.77,11.9
6.69,8.54,11.07,8.57,0.46,0.1948,4.77,11.94
6.69,8.54,11.05,8.57,0.49,0.1948,4.76,11.92
6.71,8.56,11.01,8.57,0.49,0.1937,4.76,11.88
6.73,8.58,10.99,8.57,0.49,0.1948,4.76,11.88
6.74,8.59,10.96,8.57,0.49,0.1948,4.76,11.94
6.76,8.61,10.93,8.57,0.46,0.1948,4.74,11.99
6.78,8.63,10.9,8.57,0.46,0.1948,4.74,12.18
6.8,8.65,10.86,8.57,0.49,0.1959,4.74,12.25
6.81,8.66,10.83,8.57,0.46,0.1959,4.73,12.29
6.82,8.67,10.8,8.56,0.49,0.1959,4.73,12.35
6.83,8.68,10.78,8.56,0.52,0.1959,4.73,12.4
6.84,8.69,10.75,8.56,0.52,0.1959,4.73,12.32
6.85,8.7,10.73,8.56,0.77,0.1959,4.73,12.24
6.85,8.7,10.72,8.56,0.65,0.1959,4.73,12.15
6.86,8.71,10.7,8.56,0.56,0.1959,4.71,12.07
6.87,8.72,10.68,8.56,0.49,0.1959,4.71,12.07
6.87,8.72,10.67,8.56,0.46,0.1959,4.74,12.02
6.87,8.72,10.65,8.56,0.52,0.1959,4.74,11.97
6.88,8.73,10.64,8.56,0.59,0.1959,4.76,11.98
6.89,8.74,10.63,8.56,0.56,0.1959,4.76,11.99
6.9,8.75,10.62,8.56,0.46,0.1959,4.77,11.95
6.92,8.77,10.61,8.56,0.43,0.1959,4.77,11.92
6.93,8.78,10.6,8.55,0.46,0.1959,4.79,12.02
6.95,8.8,10.59,8.55,0.46,0.1959,4.79,12.26
6.97,8.82,10.57,8.55,0.49,0.197,4.79,12.59
6.99,8.84,10.53,8.55,0.46,0.197,4.79,12.82
7,8.85,10.5,8.55,0.46,0.197,4.79,12.98
7.02,8.87,10.46,8.55,0.49,0.197,4.8,13.09
7.03,8.88,10.43,8.55,0.49,0.197,4.8,13.15
7.04,8.89,10.39,8.55,0.43,0.1981,4.79,13.22
7.04,8.89,10.38,8.55,0.4,0.1981,4.79,13.46
7.06,8.91,10.4,8.55,0.46,0.1981,4.78,13.83
7.07,8.92,10.42,8.55,0.46,0.1981,4.78,14.21
7.08,8.93,10.42,8.55,0.46,0.1981,4.78,14.27
7.1,8.95,10.41,8.54,0.46,0.1981,4.78,14.19
7.12,8.97,10.39,8.54,0.49,0.1981,4.76,14.28
7.14,8.99,10.37,8.54,0.46,0.1981,4.76,14.39
7.15,9,10.34,8.54,0.46,0.1981,4.75,14.35
7.17,9.02,10.29,8.54,0.56,0.197,4.75,14.2
7.18,9.03,10.23,8.54,0.59,0.1981,4.75,14.1
7.2,9.05,10.18,8.54,0.68,0.1981,4.75,14.01
7.21,9.06,10.13,8.54,0.68,0.1981,4.75,13.96
7.22,9.07,10.1,8.54,0.56,0.1981,4.73,13.99
7.23,9.08,10.09,8.54,0.52,0.1981,4.73,14.06
7.24,9.09,10.07,8.54,0.52,0.1981,4.71,13.86
7.24,9.09,10.05,8.54,0.52,0.1981,4.71,13.64
7.25,9.1,10.04,8.54,0.65,0.1992,4.71,13.42
7.26,9.11,10.02,8.54,0.59,0.1992,4.71,13.31
7.27,9.12,10,8.54,0.52,0.1981,4.69,13.28
7.28,9.13,9.98,8.53,0.56,0.1992,4.69,13.23
7.29,9.14,9.96,8.53,0.65,0.1992,4.69,13.25
7.31,9.16,9.94,8.53,0.62,0.1992,4.69,13.26
7.32,9.17,9.92,8.53,0.56,0.1992,4.71,13.2
7.33,9.18,9.9,8.53,0.49,0.1992,4.71,13.15
7.35,9.2,9.88,8.53,0.52,0.1992,4.73,13.03
7.35,9.2,9.86,8.53,0.56,0.1992,4.73,12.97
7.36,9.21,9.84,8.53,0.52,0.1992,4.74,12.8
7.38,9.23,9.82,8.53,0.49,0.1992,4.74,12.65
7.4,9.25,9.79,8.53,0.59,0.1992,4.74,12.62
7.41,9.26,9.75,8.53,1.39,0.2003,4.75,12.61
7.44,9.29,9.69,8.53,2.4,0.2003,4.75,12.53
7.45,9.3,9.65,8.53,1.73,0.2003,4.74,12.52
7.48,9.33,9.61,8.53,0.86,0.2003,4.74,12.68
7.5,9.35,9.57,8.52,0.56,0.2003,4.74,12.93
7.53,9.38,9.53,8.52,0.49,0.2014,4.74,13.09
7.55,9.4,9.51,8.52,0.46,0.2014,4.71,13.16
7.56,9.41,9.49,8.52,0.56,0.2014,4.71,13.15
7.56,9.41,9.48,8.52,0.52,0.2014,4.67,13.01
7.56,9.41,9.49,8.52,0.52,0.2014,4.67,12.87
7.56,9.41,9.51,8.52,0.49,0.2014,4.62,12.88
7.56,9.41,9.53,8.52,0.49,0.2003,4.62,12.96
7.55,9.4,9.54,8.52,0.46,0.2003,4.63,12.97
7.56,9.41,9.55,8.52,0.43,0.2003,4.58,12.88
7.56,9.41,9.56,8.52,0.46,0.2003,4.58,12.98
7.56,9.41,9.55,8.52,0.49,0.2003,4.54,13.61
7.56,9.41,9.5,8.52,0.46,0.2014,4.54,14.01
7.56,9.41,9.45,8.51,0.49,0.1992,4.49,13.84
7.56,9.41,9.4,8.51,0.83,0.2003,4.49,13.55
7.57,9.42,9.37,8.51,0.71,0.2003,4.45,13.26
7.57,9.42,9.34,8.51,0.59,0.2003,4.45,12.98
7.57,9.42,9.32,8.51,0.52,0.2003,4.42,12.67
7.57,9.42,9.31,8.51,0.49,0.2003,4.42,12.48
7.56,9.41,9.3,8.51,0.46,0.2003,4.41,12.39
7.56,9.41,9.29,8.51,0.46,0.2003,4.41,12.38
7.57,9.42,9.29,8.51,0.43,0.2003,4.41,12.39
7.57,9.42,9.29,8.51,0.49,0.2003,4.41,12.4
7.57,9.42,9.29,8.51,0.49,0.2003,4.39,12.47
7.57,9.42,9.29,8.51,0.49,0.2003,4.39,12.52
7.57,9.42,9.29,8.51,0.46,0.2003,4.39,12.54
7.57,9.42,9.29,8.51,0.43,0.2003,4.4,12.57
7.57,9.42,9.29,8.51,0.46,0.2003,4.4,12.63
7.57,9.42,9.29,8.51,0.49,0.2003,4.38,12.75
7.57,9.42,9.29,8.5,0.46,0.2003,4.38,13.19
7.58,9.43,9.29,8.5,0.4,0.2003,4.35,13.79
7.58,9.43,9.29,8.5,0.4,0.2003,4.35,13.94
7.58,9.43,9.29,8.5,0.43,0.2014,4.34,13.96
7.58,9.43,9.29,8.5,0.46,0.2014,4.34,14.02
7.57,9.42,9.29,8.5,0.46,0.2003,4.32,14
7.57,9.42,9.29,8.5,0.46,0.2014,4.32,13.89
7.57,9.42,9.29,8.5,0.46,0.2014,4.28,13.64
7.57,9.42,9.29,8.5,0.46,0.2003,4.28,13.35
7.57,9.42,9.31,8.5,0.43,0.2014,4.25,13.02
7.57,9.42,9.32,8.5,0.43,0.2014,4.25,12.62
7.57,9.42,9.33,8.5,0.4,0.2014,4.21,12.44
7.57,9.42,9.33,8.5,0.4,0.2014,4.21,12.36
7.57,9.42,9.33,8.5,0.4,0.2003,4.21,12.34
7.57,9.42,9.32,8.5,0.4,0.2014,4.18,12.35
7.57,9.42,9.32,8.5,0.4,0.2014,4.18,12.35
7.57,9.42,9.34,8.49,0.4,0.2014,4.15,12.29
7.58,9.43,9.37,8.49,0.43,0.2014,4.15,12.27
7.59,9.44,9.35,8.49,0.46,0.2014,4.15,12.26
7.61,9.46,9.34,8.49,0.52,0.2014,4.15,12.28
7.63,9.48,9.35,8.49,0.46,0.2014,4.15,12.34
7.64,9.49,9.34,8.49,0.56,0.2014,4.15,12.42
7.66,9.51,9.33,8.49,0.49,0.2014,4.15,12.48
7.68,9.53,9.3,8.49,0.43,0.2014,4.15,12.7
7.69,9.54,9.27,8.49,0.46,0.2014,4.14,12.97
7.7,9.55,9.25,8.49,0.46,0.2003,4.14,13.1
7.72,9.57,9.23,8.49,0.43,0.2014,4.14,13.09
7.74,9.59,9.21,8.49,0.43,0.2014,4.14,13.01
7.75,9.6,9.19,8.49,0.52,0.2014,4.15,13.05
7.76,9.61,9.17,8.49,0.49,0.2014,4.15,13.12
7.77,9.62,9.15,8.49,0.4,0.2014,4.13,13.18
7.78,9.63,9.14,8.49,0.4,0.2014,4.13,13.19
7.78,9.63,9.12,8.49,0.43,0.2014,4.13,13.21
7.79,9.64,9.11,8.48,0.46,0.2014,4.1,13.22
7.8,9.65,9.1,8.48,0.46,0.2014,4.1,13.27
7.84,9.69,9.09,8.48,0.46,0.2014,4.07,13.41
7.87,9.72,9.07,8.48,0.46,0.2025,4.07,13.4
7.9,9.75,9.06,8.48,0.46,0.2025,4.04,13.3
7.91,9.76,9.02,8.48,0.46,0.2025,4.04,13.21
7.92,9.77,9.03,8.48,0.46,0.2025,4.02,13.12
7.93,9.78,9.05,8.48,0.43,0.2025,4.02,13.13
7.94,9.79,9.08,8.48,0.4,0.2025,3.98,13.17
7.95,9.8,9.09,8.48,0.43,0.2037,3.98,13.15
7.96,9.81,9.08,8.48,0.43,0.2025,3.91,13.14
7.96,9.81,9.06,8.48,0.43,0.2025,3.91,13.31
7.97,9.82,9.03,8.48,0.4,0.2025,3.91,13.93
7.98,9.83,9,8.48,0.43,0.2025,3.86,14.25
8,9.85,8.98,8.48,0.49,0.2025,3.8,14.08
8.01,9.86,8.96,8.48,0.46,0.2025,3.8,13.94
8.02,9.87,8.92,8.48,0.46,0.2025,3.8,13.84
8.05,9.9,8.87,8.48,0.46,0.2025,3.76,13.69
8.07,9.92,8.83,8.47,0.43,0.2037,3.76,13.48
8.08,9.93,8.79,8.47,0.49,0.2037,3.7,13.25
8.1,9.95,8.76,8.47,0.65,0.2048,3.7,13.02
8.11,9.96,8.72,8.47,0.56,0.2048,3.65,12.8
8.13,9.98,8.68,8.47,0.62,0.2037,3.65,12.66
8.14,9.99,8.62,8.47,0.99,0.2048,3.6,12.6
8.15,10,8.59,8.47,0.92,0.2048,3.6,12.69
8.17,10.02,8.57,8.47,1.23,0.2048,3.55,12.7
8.2,10.05,8.54,8.47,1.11,0.2048,3.55,12.64
8.23,10.08,8.5,8.47,0.71,0.2048,3.49,12.49
8.27,10.12,8.47,8.47,0.8,0.2059,3.49,12.24
8.29,10.14,8.43,8.47,0.56,0.2059,3.43,12.11
8.3,10.15,8.41,8.47,0.43,0.2059,3.41,12.16
8.31,10.16,8.39,8.47,0.4,0.2059,3.41,12.19
8.33,10.18,8.37,8.47,0.4,0.2059,3.33,12.1
8.34,10.19,8.36,8.46,0.4,0.2059,3.33,12.08
8.36,10.21,8.34,8.46,0.49,0.2059,3.26,12.02
8.37,10.22,8.33,8.46,0.49,0.2059,3.26,12.05
8.38,10.23,8.31,8.46,0.43,0.2059,3.19,12.14
8.39,10.24,8.3,8.46,0.52,0.207,3.19,12.18
8.41,10.26,8.29,8.46,0.43,0.2059,3.13,12.18
8.42,10.27,8.28,8.46,0.4,0.207,3.13,12.16
8.42,10.27,8.27,8.46,0.4,0.207,3.06,12.33
8.42,10.27,8.27,8.46,0.4,0.2081,3.06,12.84
8.43,10.28,8.26,8.46,0.43,0.207,3.01,12.98
8.43,10.28,8.26,8.46,0.43,0.207,3.01,12.77
8.43,10.28,8.26,8.46,0.4,0.207,2.96,12.57
8.43,10.28,8.26,8.46,0.43,0.207,2.96,12.38
8.43,10.28,8.25,8.46,0.46,0.207,2.91,12.11
8.43,10.28,8.25,8.46,0.43,0.207,2.91,11.79
8.43,10.28,8.24,8.46,0.46,0.2059,2.91,11.5
8.43,10.28,8.24,8.46,0.43,0.207,2.87,11.32
8.46,10.31,8.24,8.45,0.74,0.207,2.86,11.22
8.49,10.34,8.23,8.45,0.71,0.207,2.82,11.26
8.51,10.36,8.23,8.45,0.52,0.207,2.82,11.32
8.54,10.39,8.23,8.45,0.49,0.207,2.77,11.21
8.58,10.43,8.21,8.45,0.49,0.207,2.77,11.04
8.62,10.47,8.18,8.45,0.43,0.207,2.71,10.85
8.66,10.51,8.14,8.45,0.52,0.2081,2.71,10.67
8.67,10.52,8.11,8.45,0.56,0.2081,2.63,10.57
8.69,10.54,8.08,8.45,0.46,0.2081,2.64,10.52
8.7,10.55,8.05,8.45,0.4,0.2081,2.56,10.47
8.73,10.58,8.05,8.45,0.4,0.2081,2.56,10.44
8.74,10.59,8.04,8.45,0.4,0.2092,2.49,10.44
8.76,10.61,8.02,8.45,0.43,0.2092,2.49,10.3
8.78,10.63,8,8.45,0.43,0.2092,2.44,10.16
8.8,10.65,7.97,8.45,0.46,0.2081,2.44,10.1
8.82,10.67,7.95,8.45,1.45,0.2092,2.41,10
8.83,10.68,7.93,8.44,1.08,0.2092,2.41,9.88
8.84,10.69,7.92,8.44,0.59,0.2092,2.41,9.8
8.84,10.69,7.91,8.44,0.46,0.2081,2.35,9.68
8.85,10.7,7.9,8.44,0.46,0.2092,2.35,9.52
8.86,10.71,7.9,8.44,0.43,0.2092,2.28,9.4
8.87,10.72,7.89,8.44,0.43,0.2092,2.28,9.31
8.87,10.72,7.88,8.44,0.4,0.2092,2.22,9.21
8.88,10.73,7.88,8.44,0.4,0.2092,2.22,9.15
8.89,10.74,7.87,8.44,0.4,0.2092,2.16,9.13
8.91,10.76,7.87,8.44,0.4,0.2081,2.16,9.1
8.92,10.77,7.86,8.44,0.4,0.2092,2.11,9.07
8.93,10.78,7.85,8.44,0.4,0.2092,2.11,8.98
8.95,10.8,7.83,8.44,0.37,0.2092,2.06,8.78
8.95,10.8,7.82,8.44,0.37,0.2092,2.06,8.69
8.95,10.8,7.82,8.44,0.34,0.2092,2.02,8.65
8.96,10.81,7.84,8.44,0.34,0.2092,2.02,8.58
8.96,10.81,7.85,8.44,0.37,0.2092,1.98,8.42
8.97,10.82,7.87,8.44,0.34,0.2092,1.98,8.24
8.97,10.82,7.88,8.44,0.34,0.2092,1.98,8.17
8.98,10.83,7.88,8.44,0.34,0.2092,1.95,8.12
8.99,10.84,7.88,8.43,0.34,0.2092,1.95,8.09
9,10.85,7.89,8.43,0.4,0.2092,1.92,8.09
9.01,10.86,7.89,8.43,0.43,0.2092,1.92,8.06
9.03,10.88,7.88,8.43,0.46,0.2092,1.89,8.02
9.04,10.89,7.87,8.43,0.46,0.2092,1.89,7.88
9.05,10.9,7.86,8.43,0.43,0.2092,1.86,7.72
9.07,10.92,7.84,8.43,0.56,0.2092,1.86,7.63
9.08,10.93,7.82,8.43,0.49,0.2092,1.83,7.66
9.09,10.94,7.8,8.43,0.4,0.2092,1.83,7.7
9.09,10.94,7.79,8.43,0.43,0.2092,1.8,7.63
9.1,10.95,7.77,8.43,0.49,0.2092,1.8,7.61
9.11,10.96,7.76,8.43,0.43,0.2103,1.76,7.57
9.11,10.96,7.74,8.43,0.4,0.2092,1.76,7.44
9.12,10.97,7.72,8.43,0.4,0.2092,1.72,7.23
9.13,10.98,7.69,8.43,0.37,0.2103,1.72,7.08
9.14,10.99,7.67,8.43,0.37,0.2092,1.72,6.98
9.15,11,7.63,8.43,0.34,0.2103,1.68,6.8
9.16,11.01,7.61,8.43,0.37,0.2092,1.68,6.58
9.17,11.02,7.58,8.43,0.37,0.2092,1.65,6.38
9.17,11.02,7.55,8.43,0.37,0.2092,1.65,6.19
9.17,11.02,7.53,8.43,0.34,0.2103,1.62,6.12
9.18,11.03,7.51,8.42,0.34,0.2103,1.62,6.08
9.19,11.04,7.5,8.42,0.34,0.2103,1.61,6.02
9.2,11.05,7.48,8.42,0.34,0.2103,1.61,6.01
9.21,11.06,7.47,8.42,0.34,0.2103,1.61,5.95
9.23,11.08,7.46,8.42,0.37,0.2114,1.61,5.81
9.24,11.09,7.45,8.42,0.37,0.2114,1.62,5.63
9.25,11.1,7.44,8.42,0.4,0.2103,1.62,5.53
9.26,11.11,7.42,8.42,0.37,0.2103,1.63,5.46
9.29,11.14,7.41,8.42,0.37,0.2114,1.63,5.42
9.31,11.16,7.4,8.42,0.4,0.2103,1.62,5.43
9.33,11.18,7.38,8.42,0.37,0.2114,1.62,5.51
9.34,11.19,7.36,8.42,0.37,0.2114,1.62,5.64
9.36,11.21,7.34,8.42,0.37,0.2114,1.59,5.74
9.37,11.22,7.33,8.42,0.37,0.2114,1.59,5.83
9.37,11.22,7.32,8.42,0.37,0.2114,1.53,5.83
9.38,11.23,7.31,8.42,0.34,0.2114,1.53,5.66
9.39,11.24,7.29,8.42,0.37,0.2114,1.47,5.49
9.4,11.25,7.28,8.42,0.37,0.2114,1.47,5.64
9.4,11.25,7.27,8.42,0.37,0.2125,1.41,5.89
9.41,11.26,7.26,8.41,0.4,0.2114,1.41,6.01
9.42,11.27,7.26,8.41,0.4,0.2125,1.37,6.11
9.42,11.27,7.25,8.41,0.37,0.2125,1.37,6.21
9.43,11.28,7.24,8.41,0.4,0.2125,1.34,6.19
9.44,11.29,7.24,8.41,0.4,0.2114,1.34,6.13
9.45,11.3,7.23,8.41,0.43,0.2125,1.31,5.98
9.46,11.31,7.22,8.41,0.43,0.2125,1.31,5.85
9.47,11.32,7.22,8.41,0.4,0.2114,1.28,5.66
9.47,11.32,7.21,8.41,0.37,0.2125,1.28,5.54
9.48,11.33,7.21,8.41,0.37,0.2125,1.28,5.54
9.49,11.34,7.21,8.41,0.37,0.2125,1.26,5.51
9.5,11.35,7.2,8.41,0.37,0.2125,1.26,5.53
9.52,11.37,7.19,8.41,0.37,0.2125,1.26,5.61
9.53,11.38,7.18,8.41,0.4,0.2125,1.26,5.69
9.55,11.4,7.18,8.41,0.4,0.2125,1.29,5.71
9.56,11.41,7.17,8.41,0.43,0.2125,1.29,5.73
9.58,11.43,7.16,8.41,0.43,0.2125,1.32,5.65
9.59,11.44,7.15,8.41,0.49,0.2125,1.32,5.78
9.6,11.45,7.14,8.41,0.46,0.2125,1.37,5.94
9.61,11.46,7.14,8.41,0.46,0.2125,1.37,6.11
9.63,11.48,7.13,8.41,0.46,0.2136,1.4,6.23
9.66,11.51,7.12,8.4,0.49,0.2125,1.4,6.33
9.69,11.54,7.11,8.4,1.79,0.2125,1.42,6.41
9.72,11.57,7.1,8.4,1.39,0.2136,1.42,6.71
9.74,11.59,7.08,8.4,0.71,0.2125,1.42,7.26
9.75,11.6,7.07,8.4,0.49,0.2125,1.42,7.76
9.76,11.61,7.06,8.4,0.46,0.2125,1.42,8
9.77,11.62,7.06,8.4,0.49,0.2136,1.39,8.26
9.78,11.63,7.05,8.4,0.49,0.2136,1.39,8.43
9.78,11.63,7.04,8.4,0.49,0.2125,1.36,8.61
9.77,11.62,7.04,8.4,0.49,0.2125,1.36,8.78
9.77,11.62,7.04,8.4,0.46,0.2136,1.33,8.65
9.78,11.63,7.04,8.4,0.46,0.2136,1.33,8.42
9.78,11.63,7.04,8.4,0.43,0.2125,1.3,8.53
9.78,11.63,7.03,8.4,0.49,0.2125,1.3,9.14
9.78,11.63,7.03,8.4,0.52,0.2125,1.28,9.5
9.78,11.63,7.03,8.4,0.56,0.2125,1.28,9.46
9.77,11.62,7.03,8.4,0.56,0.2136,1.26,9.18
9.78,11.63,7.02,8.4,0.56,0.2136,1.26,8.82
9.78,11.63,7.02,8.4,0.52,0.2125,1.25,8.6
9.78,11.63,7.02,8.4,0.56,0.2125,1.25,8.48
9.78,11.63,7.02,8.4,0.56,0.2136,1.25,8.51
9.78,11.63,7.03,8.39,0.52,0.2125,1.24,8.25
9.78,11.63,7.05,8.39,0.49,0.2136,1.23,7.68
9.8,11.65,7.07,8.39,0.49,0.2125,1.23,7.37
9.8,11.65,7.08,8.39,0.56,0.2136,1.23,7.08
9.81,11.66,7.07,8.39,0.86,0.2125,1.22,7.01
9.82,11.67,7.05,8.39,0.89,0.2136,1.22,7.17
9.84,11.69,7.03,8.39,0.65,0.2136,1.21,7.39
9.85,11.7,7.01,8.39,0.62,0.2136,1.21,7.88
9.86,11.71,7,8.39,0.62,0.2136,1.21,8.41
9.87,11.72,6.99,8.39,0.62,0.2125,1.21,8.66
9.89,11.74,7,8.39,0.62,0.2136,1.21,8.96
9.9,11.75,6.99,8.39,0.68,0.2136,1.21,9.05
9.91,11.76,6.98,8.39,0.74,0.2136,1.23,9.17
9.92,11.77,6.97,8.39,0.68,0.2136,1.23,9.22
9.92,11.77,6.95,8.39,0.62,0.2136,1.25,9.08
9.93,11.78,6.93,8.39,0.62,0.2136,1.25,8.99
9.93,11.78,6.92,8.39,0.59,0.2136,1.26,8.97
9.95,11.8,6.9,8.39,0.65,0.2136,1.26,9.15
9.97,11.82,6.88,8.39,0.65,0.2136,1.26,9.23
9.99,11.84,6.86,8.39,0.68,0.2136,1.28,9.68
10.01,11.86,6.84,8.39,0.68,0.2147,1.28,10.13
10.03,11.88,6.82,8.39,0.65,0.2147,1.28,10.35
10.06,11.91,6.8,8.39,0.65,0.2136,1.28,10.56
10.06,11.91,6.79,8.39,0.59,0.2147,1.28,11.29
10.07,11.92,6.78,8.39,0.56,0.2136,1.28,11.9
10.08,11.93,6.77,8.39,0.56,0.2136,1.25,12.2
10.08,11.93,6.75,8.39,0.59,0.2147,1.25,12.26
10.09,11.94,6.74,8.38,0.62,0.2147,1.23,12.32
10.1,11.95,6.73,8.38,0.68,0.2136,1.23,12.41
10.1,11.95,6.72,8.38,0.71,0.2136,1.2,12.65
10.11,11.96,6.72,8.38,0.71,0.2147,1.2,13.06
10.13,11.98,6.71,8.38,0.71,0.2136,1.19,13.44
10.15,12,6.7,8.38,0.68,0.2147,1.19,13.88
10.16,12.01,6.69,8.38,0.77,0.2147,1.19,14.59
10.16,12.01,6.68,8.38,0.77,0.2147,1.19,15.39
10.18,12.03,6.67,8.38,0.8,0.2147,1.19,16.3
10.19,12.04,6.67,8.38,0.89,0.2147,1.19,17.23
10.22,12.07,6.66,8.38,0.96,0.2147,1.19,17.75
10.25,12.1,6.64,8.38,0.96,0.2147,1.19,17.86
10.26,12.11,6.63,8.38,1.02,0.2147,1.19,17.79
10.27,12.12,6.62,8.38,1.05,0.2147,1.19,17.51
10.27,12.12,6.61,8.38,1.11,0.2147,1.19,17.4
10.28,12.13,6.6,8.38,1.08,0.2147,1.19,16.87
10.29,12.14,6.59,8.38,1.08,0.2147,1.19,16.42
10.31,12.16,6.59,8.38,1.02,0.2158,1.17,16.29
10.34,12.19,6.58,8.38,0.92,0.2158,1.17,16.05
10.38,12.23,6.57,8.38,1.05,0.2158,1.16,15.6
10.42,12.27,6.54,8.38,0.86,0.2147,1.16,15.05
10.44,12.29,6.51,8.38,0.8,0.2147,1.14,15.23
10.45,12.3,6.5,8.38,0.77,0.2147,1.14,15.37
10.46,12.31,6.49,8.38,0.74,0.2158,1.12,15.39
10.46,12.31,6.5,8.37,0.74,0.2158,1.12,15.42
10.48,12.33,6.5,8.37,0.74,0.2158,1.08,15.61
10.49,12.34,6.51,8.37,0.77,0.2158,1.08,15.63
10.51,12.36,6.51,8.37,0.83,0.2158,1.08,15.75
10.53,12.38,6.49,8.37,0.83,0.2147,1.06,15.73
10.56,12.41,6.47,8.37,0.8,0.2158,1.03,16.27
10.58,12.43,6.45,8.37,0.8,0.2158,1.03,16.98
10.6,12.45,6.43,8.37,1.33,0.2158,1.03,17.72
10.62,12.47,6.4,8.37,1.17,0.2158,1,18.45
10.63,12.48,6.38,8.37,0.89,0.2158,1,19.02
10.65,12.5,6.36,8.37,0.92,0.2158,0.98,19.18
10.68,12.53,6.34,8.37,0.96,0.2158,0.98,19.14
10.73,12.58,6.32,8.37,1.08,0.2158,0.95,19.23
10.77,12.62,6.28,8.37,1.11,0.2158,0.95,19.99
10.8,12.65,6.24,8.37,1.26,0.2158,0.92,22.19
10.8,12.65,6.22,8.37,1.29,0.2169,0.92,24.24
10.81,12.66,6.22,8.37,1.51,0.2158,0.88,25.87
10.81,12.66,6.22,8.37,1.63,0.2158,0.88,27.17
10.83,12.68,6.22,8.37,1.39,0.2158,0.85,28.18
10.83,12.68,6.22,8.37,1.26,0.2169,0.85,29.35
10.84,12.69,6.22,8.37,1.29,0.2169,0.82,30.65
10.85,12.7,6.22,8.37,1.39,0.2169,0.82,31.56
10.85,12.7,6.22,8.37,1.42,0.2158,0.82,32.31
10.87,12.72,6.21,8.37,1.33,0.2169,0.79,33.14
10.87,12.72,6.21,8.37,1.42,0.2169,0.79,33.8
10.88,12.73,6.2,8.36,1.6,0.2158,0.76,34.2
10.89,12.74,6.19,8.36,1.6,0.2169,0.76,34.56
10.89,12.74,6.18,8.36,1.6,0.2169,0.74,34.77
10.9,12.75,6.17,8.36,1.45,0.2169,0.74,34.97
10.9,12.75,6.16,8.36,1.45,0.2169,0.71,35.12
10.9,12.75,6.16,8.36,1.54,0.2169,0.71,35.07
10.91,12.76,6.15,8.36,1.6,0.2158,0.69,35.01
10.92,12.77,6.14,8.36,1.51,0.2169,0.69,35.01
10.93,12.78,6.14,8.36,1.51,0.2169,0.68,34.84
10.93,12.78,6.13,8.36,1.48,0.2169,0.68,34.53
10.93,12.78,6.13,8.36,1.57,0.2169,0.69,34.4
10.94,12.79,6.14,8.36,1.7,0.2169,0.69,34.28
10.96,12.81,6.14,8.36,1.73,0.2169,0.71,34.86
10.97,12.82,6.13,8.36,1.76,0.2169,0.71,36.15
10.97,12.82,6.12,8.36,1.82,0.2169,0.71,37.53
10.98,12.83,6.1,8.36,1.88,0.2169,0.73,38.67
10.98,12.83,6.09,8.36,1.88,0.2169,0.73,39.34
10.99,12.84,6.07,8.36,1.97,0.2169,0.76,39.39
11,12.85,6.05,8.36,2.07,0.2169,0.76,38.98
11,12.85,6.04,8.36,2.16,0.2169,0.79,38.69
11.01,12.86,6.02,8.36,2.4,0.2169,0.79,38.52
11.02,12.87,6.01,8.36,2.37,0.2169,0.8,38.45
11.04,12.89,6,8.36,2.19,0.2169,0.8,38.69
11.06,12.91,6,8.36,2.07,0.218,0.81,39.36
11.09,12.94,5.99,8.36,2.03,0.2169,0.81,40.4
11.11,12.96,5.96,8.35,2.07,0.218,0.8,41.78
11.12,12.97,5.93,8.35,2.03,0.218,0.8,43.87
11.13,12.98,5.91,8.35,2.07,0.218,0.77,45.81
11.14,12.99,5.9,8.35,2.1,0.218,0.77,47.82
11.16,13.01,5.89,8.35,2.16,0.218,0.73,48.76
11.18,13.03,5.88,8.35,2.22,0.218,0.73,48.97
11.19,13.04,5.87,8.35,2.22,0.218,0.68,49.02
11.22,13.07,5.86,8.35,2.31,0.2169,0.68,49.03
11.24,13.09,5.84,8.35,2.4,0.218,0.68,49.04
11.26,13.11,5.82,8.35,2.59,0.218,0.64,49.04
11.28,13.13,5.8,8.35,2.84,0.218,0.64,49.05
11.29,13.14,5.79,8.35,2.81,0.218,0.6,49.05
11.31,13.16,5.79,8.35,2.77,0.218,0.6,49.05
11.32,13.17,5.78,8.35,2.77,0.218,0.57,49.05
11.34,13.19,5.77,8.35,2.96,0.218,0.57,49.05
11.36,13.21,5.76,8.35,3.11,0.218,0.53,49.05
11.37,13.22,5.76,8.35,3.14,0.218,0.53,49.05
11.39,13.24,5.75,8.35,3.14,0.218,0.5,49.05
11.42,13.27,5.75,8.35,3.21,0.218,0.5,49.05
11.46,13.31,5.74,8.35,3.67,0.218,0.47,49.05
11.48,13.33,5.73,8.35,4.38,0.218,0.47,49.05
11.49,13.34,5.72,8.35,4.96,0.218,0.44,49.05
11.5,13.35,5.7,8.35,5.21,0.218,0.44,49.05
11.51,13.36,5.69,8.35,5.52,0.218,0.41,49.05
11.51,13.36,5.69,8.35,6.04,0.218,0.41,49.05
11.52,13.37,5.69,8.34,6.35,0.218,0.41,49.05
11.53,13.38,5.69,8.34,6.63,0.218,0.39,49.05
11.54,13.39,5.69,8.34,6.53,0.218,0.39,49.05
11.55,13.4,5.69,8.34,7.24,0.218,0.37,49.06
11.56,13.41,5.69,8.34,8.91,0.218,0.37,49.04
11.57,13.42,5.69,8.34,12.58,0.218,0.36,48.23
11.59,13.44,5.68,8.34,14.61,0.218,0.36,46.75
11.61,13.46,5.67,8.34,17.42,0.218,0.35,44.41
11.63,13.48,5.66,8.34,19.14,0.218,0.35,42.14
11.64,13.49,5.63,8.34,20.84,0.218,0.34,41.62
11.65,13.5,5.6,8.34,22.22,0.218,0.34,42.12
11.66,13.51,5.58,8.34,22.78,0.218,0.32,42.74
11.67,13.52,5.57,8.34,21.85,0.218,0.32,42.98
11.67,13.52,5.56,8.34,20.53,0.218,0.31,42.65
11.68,13.53,5.55,8.34,20.31,0.218,0.31,42.15
11.68,13.53,5.54,8.34,21.24,0.218,0.31,41.69
11.7,13.55,5.53,8.34,21.27,0.218,0.31,40.8
11.71,13.56,5.52,8.34,22.81,0.218,0.3,40.04
11.73,13.58,5.52,8.34,23.67,0.218,0.3,40.3
11.73,13.58,5.51,8.34,23.3,0.218,0.3,41.2
11.75,13.6,5.51,8.34,22.62,0.218,0.3,41.03
11.77,13.62,5.5,8.34,23.73,0.218,0.3,39
11.78,13.63,5.49,8.34,23.95,0.218,0.31,36.86
11.78,13.63,5.49,8.34,23.8,0.218,0.32,35.11
11.79,13.64,5.49,8.34,24.14,0.218,0.33,33.95
11.81,13.66,5.48,8.34,21.85,0.2192,0.33,33.03
11.83,13.68,5.47,8.33,20.5,0.218,0.35,32.61
11.84,13.69,5.47,8.33,18.9,0.218,0.35,32.25
11.84,13.69,5.46,8.33,17.72,0.218,0.36,31.58
11.85,13.7,5.46,8.33,17.08,0.218,0.36,30.82
11.86,13.71,5.45,8.33,16.61,0.218,0.36,30.16
11.87,13.72,5.44,8.33,16.24,0.218,0.36,29.45
11.88,13.73,5.44,8.33,16.06,0.218,0.37,28.97
11.89,13.74,5.43,8.33,15.87,0.218,0.37,28.59
11.9,13.75,5.43,8.33,15.81,0.218,0.39,28.35
11.92,13.77,5.43,8.33,15.69,0.218,0.39,28.19
11.93,13.78,5.43,8.33,15.47,0.218,0.39,28.07
11.95,13.8,5.43,8.33,15.35,0.218,0.42,27.87
11.96,13.81,5.42,8.33,15.35,0.218,0.42,27.69
11.98,13.83,5.41,8.33,15.2,0.218,0.45,27.5
11.99,13.84,5.41,8.33,15.2,0.218,0.45,27.48
12.01,13.86,5.4,8.33,15.47,0.218,0.48,27.56
12.01,13.86,5.4,8.33,15.35,0.218,0.48,27.6
12.03,13.88,5.4,8.33,15.2,0.218,0.48,27.56
12.04,13.89,5.39,8.33,15.29,0.2169,0.48,27.58
12.05,13.9,5.39,8.33,15.26,0.218,0.47,27.71
12.05,13.9,5.39,8.33,15.01,0.218,0.47,27.76
12.06,13.91,5.39,8.32,14.92,0.218,0.47,27.75
12.07,13.92,5.39,8.32,15.07,0.218,0.47,27.79
12.06,13.91,5.39,8.32,15.2,0.218,0.46,27.66
12.07,13.92,5.39,8.32,15.35,0.218,0.46,27.48
12.07,13.92,5.39,8.32,15.44,0.218,0.44,27.41
12.07,13.92,5.39,8.32,15.5,0.218,0.44,27.49
12.07,13.92,5.4,8.32,15.5,0.218,0.42,27.57
12.07,13.92,5.4,8.32,15.6,0.218,0.42,27.59
12.08,13.93,5.41,8.32,15.6,0.2169,0.42,27.65
12.08,13.93,5.41,8.32,15.47,0.218,0.41,27.71
12.1,13.95,5.41,8.32,15.32,0.218,0.41,27.83
12.11,13.96,5.41,8.32,15.29,0.218,0.39,27.91
12.13,13.98,5.41,8.32,15.17,0.218,0.39,27.87
12.14,13.99,5.4,8.32,15.17,0.218,0.38,27.79
12.14,13.99,5.4,8.32,15.17,0.218,0.38,27.81
12.15,14,5.39,8.32,15.13,0.218,0.37,27.78
12.16,14.01,5.39,8.32,15.1,0.218,0.37,27.73
12.17,14.02,5.39,8.32,14.98,0.218,0.36,27.79
12.18,14.03,5.39,8.31,15.01,0.218,0.36,27.78
12.19,14.04,5.39,8.31,15.01,0.2169,0.36,27.74
12.21,14.06,5.38,8.31,14.92,0.218,0.36,27.59
12.22,14.07,5.38,8.31,14.92,0.218,0.36,27.55
12.21,14.06,5.38,8.31,15.13,0.218,0.36,27.65
12.22,14.07,5.38,8.31,15.17,0.218,0.35,27.67
12.23,14.08,5.38,8.31,15.04,0.218,0.35,27.62
12.25,14.1,5.38,8.31,15.07,0.218,0.35,27.52
12.26,14.11,5.38,8.31,15.1,0.218,0.35,27.35
12.27,14.12,5.37,8.31,15.07,0.218,0.35,27.24
12.28,14.13,5.37,8.31,14.98,0.218,0.35,27.1
12.3,14.15,5.37,8.31,15.01,0.218,0.35,26.95
12.3,14.15,5.37,8.31,15.01,0.218,0.35,26.87
12.32,14.17,5.37,8.31,14.95,0.218,0.35,26.81
12.33,14.18,5.37,8.31,14.92,0.218,0.36,26.79
12.33,14.18,5.37,8.31,14.89,0.218,0.36,26.69
12.34,14.19,5.37,8.31,14.67,0.2169,0.38,26.53
12.36,14.21,5.36,8.31,14.61,0.218,0.38,26.34
12.38,14.23,5.36,8.31,14.43,0.218,0.4,26.02
12.38,14.23,5.36,8.31,14.49,0.218,0.4,25.63
12.39,14.24,5.36,8.3,14.27,0.218,0.42,25.02
12.4,14.25,5.36,8.3,14.06,0.218,0.42,24.66
12.4,14.25,5.36,8.3,13.75,0.218,0.43,24.41
12.41,14.26,5.36,8.3,13.53,0.218,0.43,24.23
12.42,14.27,5.36,8.3,13.44,0.218,0.44,24.15
12.42,14.27,5.36,8.3,13.29,0.218,0.44,24.07
12.42,14.27,5.35,8.3,13.19,0.218,0.44,24
12.42,14.27,5.35,8.3,13.16,0.2192,0.44,23.99
12.43,14.28,5.35,8.3,12.98,0.218,0.44,24.03
12.44,14.29,5.35,8.3,12.73,0.218,0.44,24.05
12.45,14.3,5.34,8.3,12.64,0.2192,0.44,24.15
12.45,14.3,5.34,8.3,12.51,0.218,0.44,24.27
12.46,14.31,5.34,8.3,12.24,0.2192,0.44,24.38
12.46,14.31,5.34,8.3,11.84,0.2192,0.44,24.26
12.47,14.32,5.33,8.3,11.44,0.218,0.44,24.07
12.49,14.34,5.33,8.3,11.22,0.218,0.43,23.84
12.49,14.34,5.33,8.29,11.04,0.218,0.43,23.52
12.5,14.35,5.33,8.29,11.04,0.2192,0.43,23.21
12.51,14.36,5.32,8.29,11.19,0.218,0.43,23.15
12.52,14.37,5.32,8.29,11.07,0.2192,0.43,23.22
12.53,14.38,5.32,8.29,10.79,0.2192,0.43,23.25
12.54,14.39,5.32,8.29,10.67,0.2192,0.44,23.23
12.55,14.4,5.32,8.29,10.7,0.2192,0.44,23.15
12.57,14.42,5.31,8.29,10.63,0.218,0.43,23.01
12.59,14.44,5.31,8.29,10.3,0.2192,0.43,22.78
12.59,14.44,5.3,8.29,10.14,0.2192,0.43,22.59
12.6,14.45,5.3,8.29,10.33,0.2192,0.42,22.41
12.6,14.45,5.3,8.29,10.45,0.218,0.42,22.3
12.62,14.47,5.3,8.29,10.14,0.2192,0.41,22.27
12.63,14.48,5.3,8.29,9.96,0.218,0.41,22.1
12.64,14.49,5.29,8.28,9.83,0.218,0.41,21.91
12.66,14.51,5.29,8.28,9.65,0.2192,0.41,21.73
12.67,14.52,5.29,8.28,9.56,0.2192,0.42,21.6
12.67,14.52,5.28,8.28,9.49,0.218,0.42,21.48
12.69,14.54,5.28,8.28,9.43,0.2192,0.42,21.35
12.71,14.56,5.28,8.28,9.28,0.2192,0.42,21.16
12.72,14.57,5.27,8.28,9.12,0.218,0.42,20.97
12.74,14.59,5.27,8.28,9.09,0.2192,0.42,20.87
12.74,14.59,5.27,8.28,9.12,0.2192,0.41,20.87
12.75,14.6,5.26,8.28,8.94,0.2192,0.41,20.8
12.76,14.61,5.26,8.28,8.78,0.2192,0.39,20.68
12.77,14.62,5.26,8.27,8.75,0.2192,0.39,20.63
12.78,14.63,5.25,8.27,8.85,0.2192,0.37,20.58
12.78,14.63,5.25,8.27,8.97,0.218,0.37,20.47
12.78,14.63,5.25,8.27,9.06,0.2192,0.37,20.37
12.78,14.63,5.25,8.27,9.12,0.2192,0.37,20.21
12.79,14.64,5.25,8.27,9.09,0.2192,0.37,20.08
12.8,14.65,5.25,8.27,9.09,0.2192,0.37,20.06
12.81,14.66,5.25,8.27,9.03,0.2192,0.37,20.1
12.81,14.66,5.24,8.27,8.97,0.2192,0.37,20.11
12.82,14.67,5.24,8.27,9,0.2192,0.37,20.05
12.82,14.67,5.24,8.27,9.03,0.2192,0.37,19.95
12.82,14.67,5.23,8.27,8.97,0.2192,0.37,19.9
12.82,14.67,5.23,8.26,8.91,0.2192,0.38,19.98
12.83,14.68,5.23,8.26,8.88,0.2192,0.38,19.98
12.84,14.69,5.23,8.26,8.75,0.2192,0.38,19.79
12.85,14.7,5.23,8.26,8.63,0.2192,0.38,19.71
12.86,14.71,5.22,8.26,8.57,0.2192,0.39,19.7
12.87,14.72,5.22,8.26,8.57,0.2192,0.39,19.71
12.88,14.73,5.22,8.26,8.63,0.2192,0.39,19.65
12.88,14.73,5.22,8.26,8.54,0.2192,0.39,19.65
12.89,14.74,5.21,8.26,8.48,0.2192,0.4,19.62
12.9,14.75,5.21,8.26,8.48,0.2192,0.4,19.58
12.91,14.76,5.21,8.26,8.45,0.2192,0.4,19.6
12.93,14.78,5.21,8.25,8.35,0.2192,0.4,19.64
12.94,14.79,5.21,8.25,8.32,0.2192,0.4,19.67
12.95,14.8,5.21,8.25,8.32,0.218,0.42,19.68
12.96,14.81,5.2,8.25,8.35,0.2192,0.42,19.69
12.98,14.83,5.2,8.25,8.45,0.2192,0.42,19.74
12.98,14.83,5.2,8.25,8.35,0.2192,0.42,19.8
12.99,14.84,5.2,8.25,8.23,0.2192,0.43,19.73
13,14.85,5.2,8.25,8.14,0.2192,0.43,19.69
13.01,14.86,5.2,8.25,8.08,0.2192,0.44,19.65
13.02,14.87,5.2,8.25,8.05,0.2192,0.44,19.61
13.03,14.88,5.2,8.25,7.98,0.2192,0.45,19.68
13.03,14.88,5.19,8.25,7.95,0.2192,0.45,19.74
13.05,14.9,5.19,8.24,7.95,0.2203,0.45,19.7
13.06,14.91,5.19,8.24,8.01,0.2192,0.45,19.65
13.07,14.92,5.19,8.24,7.92,0.2192,0.45,19.64
13.08,14.93,5.19,8.24,7.89,0.2192,0.45,19.65
13.09,14.94,5.19,8.24,7.95,0.2192,0.45,19.65
13.1,14.95,5.19,8.24,7.98,0.2192,0.46,19.58
13.12,14.97,5.19,8.24,7.95,0.2192,0.46,19.54
13.13,14.98,5.19,8.24,7.89,0.2192,0.46,19.48
13.14,14.99,5.18,8.24,7.89,0.2192,0.46,19.41
13.15,15,5.18,8.24,7.86,0.2192,0.45,19.35
13.16,15.01,5.18,8.24,7.74,0.2192,0.45,19.34
13.16,15.01,5.18,8.23,7.71,0.2192,0.45,19.44
13.18,15.03,5.18,8.23,7.68,0.2192,0.45,19.52
13.18,15.03,5.18,8.23,7.61,0.2192,0.45,19.53
13.19,15.04,5.18,8.23,7.58,0.2192,0.45,19.48
13.19,15.04,5.17,8.23,7.61,0.2192,0.45,19.4
13.21,15.06,5.17,8.23,7.61,0.2192,0.45,19.48
13.22,15.07,5.17,8.23,7.61,0.2192,0.45,19.55
13.25,15.1,5.17,8.23,7.49,0.2192,0.45,19.55
13.27,15.12,5.17,8.23,7.43,0.2192,0.45,19.31
13.29,15.14,5.17,8.23,7.46,0.2203,0.45,19.05
13.3,15.15,5.17,8.23,7.43,0.2203,0.45,18.85
13.31,15.16,5.17,8.22,7.37,0.2192,0.43,18.7
13.32,15.17,5.17,8.22,7.43,0.2192,0.43,18.59
13.32,15.17,5.17,8.22,7.49,0.2203,0.4,18.5
13.32,15.17,5.17,8.22,7.52,0.2192,0.4,18.46
13.33,15.18,5.17,8.22,7.52,0.2192,0.37,18.51
13.34,15.19,5.17,8.22,7.46,0.2192,0.37,18.58
13.35,15.2,5.17,8.22,7.31,0.2192,0.36,18.6
13.36,15.21,5.17,8.22,7.18,0.2192,0.36,18.55
13.36,15.21,5.17,8.22,7.21,0.2192,0.34,18.54
13.37,15.22,5.17,8.22,7.27,0.2192,0.34,18.64
13.38,15.23,5.16,8.22,7.27,0.2192,0.33,18.87
13.38,15.23,5.16,8.21,7.27,0.2203,0.33,19.18
13.4,15.25,5.16,8.21,7.21,0.2192,0.31,19.48
13.42,15.27,5.16,8.21,7.37,0.2192,0.31,19.6
13.43,15.28,5.16,8.21,7.37,0.2192,0.31,19.53
13.44,15.29,5.16,8.21,7.43,0.2192,0.31,19.44
13.46,15.31,5.16,8.21,7.4,0.2192,0.31,19.38
13.47,15.32,5.16,8.21,7.09,0.2192,0.31,19.34
13.47,15.32,5.16,8.21,7.03,0.2192,0.31,19.29
13.49,15.34,5.16,8.21,6.75,0.2192,0.31,19.19
13.49,15.34,5.16,8.21,6.63,0.2192,0.31,19.08
13.5,15.35,5.16,8.21,6.53,0.2203,0.34,18.92
13.51,15.36,5.16,8.2,6.63,0.2192,0.34,18.77
13.51,15.36,5.15,8.2,6.78,0.2192,0.37,18.6
13.52,15.37,5.15,8.2,6.75,0.2192,0.37,18.52
13.53,15.38,5.15,8.2,6.53,0.2192,0.38,18.51
13.53,15.38,5.15,8.2,6.47,0.2192,0.38,18.46
13.54,15.39,5.15,8.2,6.41,0.2192,0.39,18.4
13.55,15.4,5.15,8.2,6.35,0.2192,0.39,18.34
13.55,15.4,5.15,8.2,6.6,0.2192,0.39,18.22
13.59,15.44,5.15,8.2,6.69,0.2192,0.39,17.94
13.61,15.46,5.15,8.2,6.29,0.2203,0.39,17.63
13.64,15.49,5.15,8.2,6.2,0.2192,0.39,17.31
13.66,15.51,5.14,8.2,6.16,0.2192,0.37,17.06
13.67,15.52,5.14,8.2,6.1,0.2192,0.37,16.86
13.68,15.53,5.14,8.19,6.13,0.2192,0.37,16.68
13.7,15.55,5.14,8.19,6.13,0.2192,0.35,16.5
13.71,15.56,5.14,8.19,6.07,0.2192,0.35,16.32
13.73,15.58,5.13,8.19,6.07,0.2192,0.33,16.23
13.74,15.59,5.13,8.19,6.07,0.2192,0.33,16.23
13.76,15.61,5.13,8.19,5.89,0.2203,0.3,16.24
13.77,15.62,5.13,8.19,5.86,0.2192,0.3,16.17
13.79,15.64,5.12,8.19,5.83,0.2192,0.29,16.07
13.81,15.66,5.12,8.19,5.89,0.2192,0.29,16.05
13.83,15.68,5.12,8.19,5.92,0.2192,0.27,16.05
13.84,15.69,5.12,8.19,5.92,0.2192,0.27,16.1
13.85,15.7,5.12,8.18,5.92,0.2192,0.26,16.06
13.85,15.7,5.12,8.18,5.89,0.2192,0.26,15.94
13.86,15.71,5.12,8.18,5.86,0.2192,0.24,15.81
13.88,15.73,5.12,8.18,5.8,0.2203,0.24,15.73
13.88,15.73,5.12,8.18,5.8,0.2203,0.23,15.65
13.89,15.74,5.12,8.18,5.86,0.2192,0.23,15.57
13.9,15.75,5.12,8.18,5.92,0.2203,0.23,15.49
13.91,15.76,5.12,8.18,5.92,0.2192,0.23,15.48
13.93,15.78,5.11,8.18,5.98,0.2203,0.23,15.44
13.95,15.8,5.11,8.18,6.04,0.2192,0.23,15.38
13.97,15.82,5.11,8.18,5.95,0.2192,0.23,15.32
13.99,15.84,5.11,8.17,5.92,0.2203,0.23,15.27
14,15.85,5.11,8.17,5.92,0.2192,0.23,15.21
14.02,15.87,5.11,8.17,5.89,0.2192,0.23,15.2
14.03,15.88,5.11,8.17,5.86,0.2192,0.23,15.2
14.04,15.89,5.11,8.17,5.89,0.2192,0.22,15.24
14.05,15.9,5.11,8.17,5.89,0.2192,0.22,15.28
14.06,15.91,5.11,8.17,5.89,0.2203,0.21,15.36
14.07,15.92,5.11,8.17,5.89,0.2192,0.21,15.41
14.08,15.93,5.11,8.17,5.8,0.2203,0.2,15.43
14.08,15.93,5.1,8.17,5.73,0.2192,0.2,15.4
14.08,15.93,5.11,8.16,5.73,0.2203,0.19,15.42
14.09,15.94,5.1,8.16,5.73,0.2192,0.19,15.47
14.09,15.94,5.1,8.16,5.7,0.2192,0.19,15.57
14.08,15.93,5.1,8.16,5.7,0.2203,0.19,15.68
14.1,15.95,5.1,8.16,5.73,0.2203,0.19,15.74
14.11,15.96,5.1,8.16,5.7,0.2192,0.19,15.75
14.11,15.96,5.1,8.16,5.8,0.2192,0.19,15.74
14.13,15.98,5.1,8.16,5.92,0.2203,0.18,15.72
14.15,16,5.1,8.16,5.89,0.2192,0.18,15.65
14.17,16.02,5.1,8.16,5.83,0.2192,0.19,15.43
14.17,16.02,5.1,8.16,5.95,0.2203,0.19,15.3
14.18,16.03,5.1,8.16,6.07,0.2192,0.19,15.19
14.18,16.03,5.1,8.15,6.01,0.2203,0.19,15.17
14.19,16.04,5.1,8.15,5.95,0.2203,0.19,15.21
14.2,16.05,5.09,8.15,5.95,0.2192,0.19,15.3
14.22,16.07,5.09,8.15,5.92,0.2203,0.19,15.31
14.22,16.07,5.09,8.15,5.83,0.2192,0.19,15.17
14.23,16.08,5.09,8.15,5.8,0.2203,0.19,15.05
14.25,16.1,5.09,8.15,5.8,0.2192,0.18,14.99
14.26,16.11,5.09,8.15,5.92,0.2192,0.18,14.94
14.29,16.14,5.09,8.15,5.89,0.2203,0.18,14.86
14.32,16.17,5.08,8.15,5.83,0.2203,0.18,14.75
14.35,16.2,5.08,8.15,5.89,0.2203,0.18,14.59
14.36,16.21,5.08,8.15,5.83,0.2203,0.18,14.43
14.37,16.22,5.07,8.14,5.7,0.2203,0.19,14.31
14.38,16.23,5.07,8.14,5.73,0.2192,0.19,14.27
14.4,16.25,5.07,8.14,5.67,0.2203,0.19,14.25
14.41,16.26,5.06,8.14,5.61,0.2203,0.19,14.14
14.42,16.27,5.06,8.14,5.64,0.2203,0.19,13.99
14.43,16.28,5.06,8.14,5.67,0.2203,0.19,13.92
14.44,16.29,5.06,8.14,5.58,0.2203,0.19,13.91
14.45,16.3,5.06,8.14,5.46,0.2203,0.19,13.93
14.48,16.33,5.06,8.14,5.36,0.2203,0.19,13.9
14.49,16.34,5.05,8.14,5.33,0.2203,0.18,13.88
14.51,16.36,5.05,8.14,5.3,0.2203,0.18,13.85
14.52,16.37,5.05,8.14,5.3,0.2203,0.18,13.81
14.53,16.38,5.05,8.13,5.33,0.2203,0.18,13.76
14.54,16.39,5.05,8.13,5.39,0.2192,0.17,13.73
14.55,16.4,5.05,8.13,5.46,0.2203,0.16,13.76
14.56,16.41,5.05,8.13,5.46,0.2203,0.16,13.81
14.57,16.42,5.05,8.13,5.36,0.2192,0.16,13.8
14.58,16.43,5.05,8.13,5.36,0.2203,0.16,13.79
14.59,16.44,5.05,8.13,5.46,0.2203,0.16,13.81
14.6,16.45,5.05,8.13,5.46,0.2203,0.15,13.87
14.61,16.46,5.05,8.13,5.43,0.2203,0.15,13.93
14.62,16.47,5.05,8.13,5.33,0.2203,0.15,13.93
14.63,16.48,5.05,8.13,5.24,0.2203,0.15,13.89
14.65,16.5,5.05,8.12,5.27,0.2203,0.15,13.86
14.68,16.53,5.05,8.12,5.33,0.2203,0.15,13.8
14.71,16.56,5.05,8.12,5.33,0.2203,0.14,13.78
14.73,16.58,5.04,8.12,5.39,0.2203,0.14,13.81
14.74,16.59,5.04,8.12,5.46,0.2203,0.14,13.86
14.76,16.61,5.04,8.12,5.43,0.2203,0.14,13.87
14.77,16.62,5.04,8.12,5.43,0.2203,0.13,13.83
14.78,16.63,5.04,8.12,5.43,0.2203,0.13,13.81
14.78,16.63,5.04,8.12,5.33,0.2203,0.12,13.83
14.79,16.64,5.04,8.12,5.3,0.2203,0.12,13.85
14.81,16.66,5.04,8.12,5.27,0.2203,0.12,13.85
14.83,16.68,5.04,8.11,5.21,0.2203,0.12,13.82
14.85,16.7,5.04,8.11,5.21,0.2203,0.12,13.79
14.88,16.73,5.04,8.11,5.27,0.2203,0.12,13.77
14.89,16.74,5.04,8.11,5.33,0.2203,0.12,13.77
14.91,16.76,5.04,8.11,5.24,0.2203,0.11,13.77
14.92,16.77,5.04,8.11,5.24,0.2203,0.11,13.76
14.93,16.78,5.04,8.11,5.24,0.2203,0.11,13.7
14.94,16.79,5.04,8.11,5.24,0.2203,0.11,13.62
14.94,16.79,5.04,8.11,5.27,0.2203,0.11,13.58
14.94,16.79,5.04,8.11,5.27,0.2192,0.11,13.58
14.95,16.8,5.04,8.11,5.24,0.2203,0.11,13.64
14.96,16.81,5.04,8.11,5.24,0.2203,0.11,13.73
14.97,16.82,5.04,8.1,5.3,0.2203,0.11,13.77
14.97,16.82,5.04,8.1,5.3,0.2203,0.11,13.78
14.98,16.83,5.04,8.1,5.3,0.2203,0.11,13.77
14.99,16.84,5.04,8.1,5.33,0.2203,0.11,13.72
15,16.85,5.04,8.1,5.36,0.2192,0.1,13.64
15.02,16.87,5.04,8.1,5.39,0.2203,0.1,13.61
15.03,16.88,5.04,8.1,5.39,0.2203,0.1,13.62
15.05,16.9,5.04,8.1,5.36,0.2203,0.1,13.66
15.06,16.91,5.04,8.1,5.36,0.2203,0.1,13.7
15.08,16.93,5.04,8.1,5.36,0.2203,0.1,13.72
15.1,16.95,5.04,8.1,5.39,0.2203,0.1,13.75
15.11,16.96,5.04,8.1,5.43,0.2192,0.1,13.78
15.12,16.97,5.04,8.09,5.36,0.2214,0.1,13.81
15.14,16.99,5.04,8.09,5.33,0.2203,0.1,13.84
15.15,17,5.04,8.09,5.3,0.2203,0.1,13.83
15.16,17.01,5.04,8.09,5.27,0.2203,0.1,13.81
15.17,17.02,5.04,8.09,5.33,0.2203,0.1,13.83
15.19,17.04,5.04,8.09,5.36,0.2203,0.1,13.88
15.21,17.06,5.04,8.09,5.36,0.2203,0.1,13.88
15.22,17.07,5.04,8.09,5.33,0.2203,0.1,13.86
15.24,17.09,5.04,8.09,5.33,0.2203,0.1,13.87
15.26,17.11,5.04,8.09,5.33,0.2203,0.1,13.87
15.27,17.12,5.04,8.09,5.36,0.2203,0.1,13.88
15.29,17.14,5.04,8.09,5.36,0.2203,0.09,13.88
15.3,17.15,5.04,8.09,5.46,0.2203,0.09,13.9
15.32,17.17,5.04,8.09,5.46,0.2203,0.09,13.91
15.33,17.18,5.04,8.08,5.55,0.2203,0.09,13.88
15.35,17.2,5.04,8.08,5.52,0.2203,0.09,13.85
15.37,17.22,5.04,8.08,5.49,0.2203,0.09,13.87
15.4,17.25,5.04,8.08,5.43,0.2203,0.09,13.87
15.43,17.28,5.04,8.08,5.46,0.2203,0.09,13.91
15.46,17.31,5.04,8.08,5.49,0.2203,0.09,13.98
15.48,17.33,5.04,8.08,5.49,0.2203,0.09,14.02
15.5,17.35,5.04,8.08,5.43,0.2203,0.09,14.01
15.51,17.36,5.04,8.08,5.39,0.2203,0.09,13.98
15.52,17.37,5.04,8.08,5.33,0.2203,0.09,13.97
15.54,17.39,5.04,8.08,5.3,0.2203,0.09,13.96
15.55,17.4,5.04,8.08,5.27,0.2203,0.09,13.91
15.57,17.42,5.04,8.08,5.3,0.2203,0.09,13.85
15.59,17.44,5.04,8.07,5.33,0.2203,0.09,13.85
15.62,17.47,5.04,8.07,5.43,0.2203,0.09,13.89
15.64,17.49,5.04,8.07,5.43,0.2203,0.09,13.87
15.66,17.51,5.04,8.07,5.49,0.2203,0.09,13.82
15.67,17.52,5.03,8.07,5.55,0.2203,0.09,13.78
15.68,17.53,5.03,8.07,5.55,0.2203,0.09,13.74
15.7,17.55,5.03,8.07,5.39,0.2203,0.09,13.7
15.72,17.57,5.03,8.07,5.49,0.2203,0.09,13.64
15.75,17.6,5.03,8.07,5.43,0.2203,0.09,13.53
15.78,17.63,5.03,8.07,5.3,0.2214,0.09,13.48
15.82,17.67,5.02,8.07,5.18,0.2203,0.09,13.46
15.85,17.7,5.02,8.06,5.15,0.2203,0.09,13.46
15.87,17.72,5.02,8.06,5.15,0.2203,0.09,13.44
15.89,17.74,5.02,8.06,5.06,0.2214,0.09,13.38
15.9,17.75,5.01,8.06,4.99,0.2214,0.09,13.31
15.92,17.77,5.01,8.06,4.99,0.2214,0.09,13.22
15.94,17.79,5.01,8.06,5.02,0.2214,0.09,13.15
15.95,17.8,5.01,8.06,5.06,0.2214,0.09,13.08
15.97,17.82,5.01,8.06,5.06,0.2214,0.09,13.03
15.99,17.84,5.01,8.06,5.02,0.2203,0.09,12.98
16,17.85,5.01,8.06,5.09,0.2214,0.09,12.96
16.02,17.87,5,8.05,5.06,0.2203,0.09,12.97
16.04,17.89,5,8.05,5.02,0.2214,0.09,12.93
16.05,17.9,5,8.05,5.02,0.2214,0.09,12.84
16.06,17.91,5,8.05,5.06,0.2214,0.09,12.73
16.08,17.93,5,8.05,4.96,0.2214,0.09,12.66
16.09,17.94,5,8.05,4.87,0.2214,0.09,12.62
16.12,17.97,5,8.05,4.87,0.2214,0.09,12.63
16.15,18,4.99,8.05,4.81,0.2214,0.09,12.66
16.18,18.03,4.99,8.05,4.75,0.2203,0.09,12.73
16.21,18.06,4.99,8.05,4.72,0.2203,0.09,12.8
16.23,18.08,4.99,8.04,4.78,0.2214,0.09,12.8
16.25,18.1,4.98,8.04,4.69,0.2214,0.09,12.76
16.25,18.1,4.98,8.04,4.62,0.2203,0.09,12.78
16.27,18.12,4.98,8.04,4.65,0.2214,0.09,12.83
16.28,18.13,4.98,8.04,4.72,0.2214,0.09,12.85
16.29,18.14,4.98,8.04,4.75,0.2214,0.09,12.85
16.29,18.14,4.98,8.04,4.72,0.2214,0.09,12.8
16.29,18.14,4.98,8.04,4.69,0.2203,0.09,12.69
16.3,18.15,4.98,8.04,4.69,0.2214,0.09,12.64
16.31,18.16,4.98,8.04,4.62,0.2203,0.09,12.62
